CAP2,CCL18,CLDN7,CRIM1,ECE1,FBXL7,IGH@,IGHA1,IGHA2,JUP,KCNS3,MAP1B,MT1A,MT1H,MTSS1L,MYO6,NEK7,PRKCD,PTRF,RHOBTB3,SDC1,SERPINA1,SERPINE1,SLC29A2,TACSTD2,XBP1
ACP5,AHNAK,AKAP12,ASAH1,CCDC69,CD24,CDA,EFEMP1,F13A1,FOXA1,GALNT3,IGHG1,IGJ,LOC100506558,MAPK13,MATN2,MMP12,NAB1,PBX1,PEA15,PTRF,SLC16A6,SLC24A1,STAT5A,STK19,TACSTD2,TOP1,TUBB,ZNF280A
ADAMTS3,AP2M1,CABIN1,CD200,CLIC4,CLTB,EHD1,EMP2,ERBB2,FUCA1,GSK3B,IGH@,IGHA1,IGHA2,KCNQ2,LITAF,MT1F,OAZ2,PHLDA2,PKP3,PYY,SFTPB,SLC12A4,SPTAN1,SYNPO,TBC1D8,TFAP2A,THBS3,TOP1P2,VGLL4,XBP1
ARL2BP,BCL3,BMP4,C8B,CAP2,ERBB3,FGFR1,FLNC,GGT1,GGT2,GGT3P,GGTLC1,GGTLC2,HEG1,HPS5,IGH@,IGHA1,IGHA2,LAMB3,LLGL2,LSR,MEIS2,MMP12,NGFR,NKX2-1,NOX1,P2RX4,PIM2,RABEPK,SC5DL,SERPINE1,SERPINH1,TPST2,TUBA4A,UBXN1
ALAS1,ANXA3,AP3D1,ARHGAP8,BCL2,BMP4,C11orf9,C1R,CCL2,CFB,CLDN4,CSTB,DHFR,DHRS3,EFEMP2,IL7R,IQCJ-SCHIP1,LLGL1,LOC100287119,MALL,MAP4,MTUS1,PLCH1,POR,PRR5-ARHGAP8,PRSS8,RAB6A,RET,SCHIP1,SRGAP2,ZYX
AFAP1,AFG3L2,AKAP2,ANXA2P1,ASAH1,CDK2AP1,CEACAM6,CHIT1,DUSP6,ELF3,EPCAM,GNPDA1,ITSN1,KLF7,MT1B,NR2F6,PALM2-AKAP2,PRKCD,PSMD2,RAD23B,RBMS1,RCVRN,REEP2,SEMA3C,SFTPB,SHC1,SLC1A5,STAT4,TOX3,TPBG,UBAP2L,VEGFA
ACTC1,AGPS,ALDH1A2,ALOX5,BAIAP2,CAPN3,CD55,CDC42,COBLL1,CXCR3,DDR2,DUT,EMP1,ENO3,FBP1,IMPA2,KDM4A,NMU,PAK2,PARVA,PLOD2,PTGER3,ROR1,SSH1,SULT1C2,SYNGR2,TBKBP1,TMPRSS2,TRIM2
AP3S1,BDNF,CDK14,CDK9,CHRDL1,CKAP4,CLDN3,CRYM,CSNK1D,CX3CR1,CYP2B6,CYP2B7P1,DDI2,DVL3,FSCN1,GORASP2,HLX,HOXB2,IGKC,LOC100653350,PIM1,POM121L2,PRRC2C,PSMC5,ROS1,RSC1A1,TGFB3,TNFRSF14,TYRO3,UBE3A,UNC13B,UROD,VEGFA
ADIPOQ,ATP2B1,C1orf38,CCL14,CCL14-CCL15,CCL15,CECR7,CPB1,CTIF,CX3CL1,CXCL12,FAAH,FGFR1,FOXA2,GGT1,GGT2,GGT3P,GGTLC1,GGTLC2,GPC4,GPR56,GRAMD4,IGHG1,IGHM,IGHV3-23,IGHV4-31,ITGB6,LRRC23,MAGED1,MECOM,P2RX5,PAX6,SLC16A1,SLC1A4,SPRED2,TUBB,UBL3,VEGFA
AXL,CCL2,CTNNAL1,CYP2A13,GALNT3,GLRX,IFI30,IGHG1,IGHM,LAD1,LBR,LGALS3,LMO3,LOC100291917,LOC100293211,LOC100508689,MYO10,PART1,PIGA,PPAP2C,REPS2,RPS6KA2,RRAS2,SNTB2,STK11,SUMO3,TNFAIP8,UCP2,VCAM1,WNT5A
ACE,ATP1B1,ATP6V1B2,C1S,CCDC64,CEP250,CLCNKA,CLCNKB,COL6A1,CORO2A,ERBB3,FCN3,FNBP1L,HADHB,HEG1,HMGA1,HNF1B,IRS1,LGALS7,LGALS7B,LOC729020,MAF,NR2F2,PGM1,RPE,SELE,SEMA3C,SERPINE2,SERPINH1,SIX1,TNFRSF21,TPM2,TYRO3
ABI2,ADK,ANK3,C4A,C4B,C6,CAMSAP2,CFI,CHPF,EDNRA,HYAL1,IDH2,IGHD,IL27RA,ITGA7,LOC100293534,LOC390940,MBD2,MEOX1,NBR1,NDN,PAFAH1B1,PPIL2,PSD3,PTX3,PYY,SMAD1,SPTLC1,TMX4,TP53BP1,VAMP1
AQP3,ATG12,AUTS2,B2M,BBS4,CD99,CEACAM1,CPD,DGAT1,FBN1,GPR126,IL13RA1,IL4R,INSR,KCND1,KCNH2,LGALS1,MAP3K5,PEMT,PIM2,PMVK,POLG,PYGB,RAB3GAP1,REL,SERPINA2,SLA,TMEM63A,TRPC1
ACADSB,ADAM19,ARPC5,ARSA,CALB2,CCDC94,CDH2,CKS2,DDX52,DGKD,ERBB3,FOLR2,GUSBP11,GYPC,H1F0,HLCS,LOC100652886,LOC100653157,LSS,MAPK8,MRC1,MRFAP1L1,NBEAL2,PMEL,PPP2R5D,SETD4,SFRP1,SMAGP,STX2,TANC2,TGFBI,TSPAN4,UROS
ABCD3,B3GALNT1,CA9,CCL3,CELSR1,CLSTN1,DGCR9,FABP4,FKBP9,GEM,GLUL,ITGA2,KHNYN,MOAP1,PARM1,PDXDC1,PHLDA2,PLEKHB2,PON3,PTP4A3,RALA,S100A2,SPINT1,STK39,TNXA,TNXB,TRIB1,UCHL1,WT1,WWC1,ZCCHC24
AGTR1,APOC1,ATP2A3,BICC1,BRD3,CD2AP,CD79A,CDKL5,CNKSR1,DHX30,FLT1,FUT3,GFPT2,GPR37,HLA-DOB,KCNQ1,LYZ,MOK,MTMR3,NR2F6,NUP88,OR2H1,OR2H2,PFKM,PKP2,PPP2R4,PTCRA,SMPDL3A,SPRR1B,TLE1
ADH5,AHDC1,AKR7A3,ARHGAP12,ASNA1,CD70,CDH4,CPSF1,FAM131B,GALK2,GSN,HOPX,IGLC1,LPCAT1,LRP1,MEST,MIR1234,MIR939,MPRIP,NAGA,NDC80,NR2F1,NTHL1,OLFML1,OPTN,PDE6D,RAB27A,SDS,SHC3,STAB1,TGM1,TNN,TUBA4A
ABCC3,AGR2,ANGEL1,COPS2,CSE1L,CYP24A1,DFNA5,DLG3,GAMT,GNAO1,GPRASP1,HOXD4,IGLC1,IL7R,ING1,KRT81,LEPROT,LRIG1,MAPKAPK2,NNMT,PLA2G7,PLTP,PMM1,QKI,SH3YL1,SP100,TKT,TMC6,TOP1,UVRAG,VAMP4
AREG,AREGB,ATP10D,ATXN2L,CYP21A2,DCTD,F3,FAM102A,GAS1,IGSF3,INHBB,KAL1,KDR,KLK3,MIR5096,MT2A,NR1D1,PASK,PDK3,PIK3IP1,PON2,PTPN22,PTPRM,RHO,SLC22A5,SLC29A1,SSBP1,TADA3,THRA,TRAF4,TUBA1B,TUG1,ZCCHC11
AGTR1,ARFGAP3,ATP11A,BAD,BTN3A3,CADM1,CSNK1E,DOK5,FGF9,FUT6,GAK,GJC2,GUSBP11,HYAL1,IGFBP6,IL10,LOC100507699,LTA4H,MAGEA10,MAP1LC3B,MAP4K2,MECOM,NKX2-1,NSF,PDLIM1,PEX11B,PSMB7,SYMPK,WFDC2,WNT2B
BUB1B,CD1E,CD46,CDC42EP3,CDKN2C,CHD9,CITED2,CTSD,DYNLL1,ECH1,EMP3,EPO,FARP1,FOXN1,HLA-DOA,HSP90AA1,IGK@,IGKC,IL7,ITPR3,LOC100294406,LOC100505813,PI4KB,PNPLA6,PRPF3,PTGER3,SPARC,STAM,TMEM30B,TMEM97,TNFRSF1B,VLDLR,ZBTB20
BTC,CAT,CCL4,CD52,COL4A6,CXCR5,CYP1B1,DAG1,DCUN1D4,DENND4B,ENTPD3,F11,GCH1,GUK1,IZUMO4,KCNN4,LAMA4,MAP4,NFE2L1,PTGIS,RBMS1,RCOR1,SORBS3,SPTSSA,SREBF2,TAP2,TGM2,UAP1
AOC4,CA5BP1,COL11A2,CRYAB,EAPP,EML2,ENTPD6,EPHA2,GM2A,IFI35,IGHM,IGKC,KRAS,KRT5,LEPREL2,MAP3K13,MAPKAPK2,MYO1B,N4BP1,NOVA2,PAX4,PBX1,PCGF1,PLK2,PNN,TGM2,TUBB2A,WIF1
AMACR,C1QTNF3,C1QTNF3-AMACR,CD14,COL6A1,CYP1B1,DAGLA,FOXC1,GOLGA3,HMGXB4,IFNAR2,IGLC1,IL18,JAK3,KLK6,LAMA2,LMNA,LOC100862671,LPCAT3,LPIN1,LTBP1,MAP1A,MUC1,PARD3,PARK7,PLD3,RBPJ,RFTN1,RNFT2,SPINK1,SRCAP,TUBB2A
BMP2,CHMP2A,CRYAB,CTSA,DMD,EID1,FGD1,FGL2,GDPD5,GPRC5B,GTF2B,HDAC1,IFIT2,KXD1,LPHN1,MDC1,MLH1,PAPD7,PDPN,PPP1R13B,PRUNE,RUSC1,SETD3,SNUPN,SUPT7L,TAZ,TNFSF10,UBE3C
ACVR1B,ADH5,ATP5D,C6orf47,CALU,CRYZ,DYRK1A,EEF1A1,EFNA5,ERBB3,FERMT2,GAS1,GPC1,LIMK2,LOC100653236,LPAR2,LZTR1,MAP1B,MMP13,MPZL2,MT3,NAP1L4,NCF2,PCDHGA1,PCDHGA10,PCDHGA11,PCDHGA12,PCDHGA2,PCDHGA3,PCDHGA4,PCDHGA5,PCDHGA6,PCDHGA7,PCDHGA8,PCDHGA9,PCDHGB1,PCDHGB2,PCDHGB3,PCDHGB4,PCDHGB5,PCDHGB6,PCDHGB7,PCDHGC3,PCDHGC4,PCDHGC5,PSMB9,RGS5,RND3,SMARCC2,TACC2,TIAM1
AKAP10,BCAM,BTK,CDS1,CHL1,CKAP2,COMMD4,CPM,DLGAP1,GPX3,IGLV1-44,INSR,KPNB1,MMP23A,MMP23B,MTHFD2,MUC1,PHLDA1,PLAGL2,PPARG,PSIP1,RAD23B,RPS6KA2,SCARB2,SMAD1,SRP14,ST6GALNAC2,STIM1,STXBP1,TG
ADAM10,AGPAT2,ANXA2,ANXA2P1,ANXA2P3,AOX1,CBX1,CCR1,CD79A,CHRNB4,CSF3,FYN,GULP1,HS3ST1,IFITM3,LOC100505584,MEOX2,MT1F,MT1G,MT1M,MT1P3,NET1,POFUT2,PPM1A,PPP5C,PTTG1IP,PYGM,SCRN1,SEPT11,SMPDL3B,SORL1,SYDE1,TFPI,TPM2
BBX,C11orf52,CDS1,CRAT,CREB1,ENDOD1,EPHB6,ERBB2,FLRT2,FMO3,GPR116,GTF2H1,HIPK3,HPN,HSPB2,HSPB2-C11orf52,IFITM1,IFITM2,IFITM3,IFT20,LAMP3,LOC100506718,MAN2B2,MAP4,MAPK6,MGST2,MSN,POLR2J,POU2AF1,SERPINB7,SLC11A2,STAT5A,SVEP1,TLK1,UPP1
ACTG1,BRD1,CDC37,CDH2,CDK7,DRG1,EEF1A1,FAM127A,FKBP1B,HGF,IFI30,ITGA10,LOC100653236,LPCAT1,MRC2,MUC1,NPR1,PAM,PATZ1,PCBD1,PGAM1,PKD2,RAB11B,RGL1,ROR2,SBF1,SLC9A3R1,TCF21,TNFRSF11B,TTK
ADCY6,AFF1,ATP7B,CD37,CLTB,CSF2RB,FGF9,GNAI1,GRB2,HAS1,ITPK1,KPNA6,LOC100652828,LOC100653335,LOC150776,MED24,MIR1236,OPTN,PLS1,PPP1CA,PTP4A2,RDBP,RNASE2,RND1,ROCK2,S100A8,SLC20A2,SMPD4,SNX3,SPTB,TGFBR1,TUBB2A,ZNF623
ABCC6,ABCC6P2,APP,BCL2L1,CALD1,CLDN10,CLSTN3,DBP,DPM2,FARSA,GNE,IFI35,IGHG1,KIF13B,LAMB2,LOC642131,MAP2,MTA1,NFYB,PDLIM5,PION,PLXNB1,RHOC,RRAS,SCGB1A1,SERPINB1,SKAP2,STX6,TNPO1,TRIM33,TWIST1,UGP2
ADAM22,AHR,BAZ1B,BMP2,BNC1,CALD1,CLTB,DHCR24,ETS2,FMO5,GRB2,HIP1R,IGF2,IGHM,INS-IGF2,JARID2,LAMA1,LOC100505991,MAPKAPK2,NLGN1,NMNAT2,PIGC,PRDX4,PTGS2,RASGRF1,RHOB,RYK,S100A11,SLC25A1,SLC4A1,SYN3,TAGLN3
CDC42BPA,CHD8,CLCN4,CTBP2,GDF5,GRB14,IFFO1,IGHA1,ILK,INSIG2,ITSN2,LMOD1,MEOX2,NPAT,NR4A3,P2RX5-TAX1BP3,PCOLCE,PSAP,PTBP1,RARS,SLC4A3,SSR4,STX11,TAX1BP3,TMEM184B,TMEM63A,TPSAB1,TPSB2,TPSD1,TTC28,WNK1,ZFYVE9,ZMYM3
AP1G2,APOE,ATG5,ATP5J,BRP44,C14orf109,DIO2,DVL1,EIF5B,FTO,KHK,LOX,MAP2K4,MFAP5,MICA,MLXIP,MS4A1,MYO18A,NEBL,NEMF,PC,PTPRF,RECQL,SCTR,SDC4,TIAF1,TNPO1,UBE2M
ANXA2,ANXA2P1,ANXA2P3,ATP6AP1,BRD3,CADM1,EP300,FRMD4B,GALC,GGCT,HMGB3,ITSN1,KAT6A,KIAA0020,LPO,LYN,MAFK,MLH1,MUC1,MZF1,PDE8B,PRKRA,PROSC,PSMB7,RPA1,SLC20A1,SLC25A5,SPRR1A,ST14,TNFRSF25,VDR
AQP4,ATPAF2,BCAR3,BST2,CHST15,COL14A1,DNASE1,DOK1,EGFR,GJA1,GLE1,GPR135,GRIK2,ITPR3,KSR1,MN1,MRPS12,NME1-NME2,NME2,PDLIM5,PFKFB4,PIAS3,PLOD3,PPP2R5A,PSMC3,RAD23A,TEAD1,TTYH2,XDH,ZNF148
AKAP13,AMD1,ARL6IP5,C6orf120,DCTD,EPHA1,GPR143,IGF1,IL6ST,ISG20L2,ITGA2,KLF7,LPL,MBOAT7,NF2,PAWR,PFN2,PLA2G6,PPIB,ROM1,SBNO2,SCNN1A,SDHA,SFTPD,SLC11A1,SMAD4,THBS4,TRIM26
ABCC3,ACOT13,ARHGEF10,ATP2B1,BAZ1A,CDC42EP4,CDH1,CTRL,CXCL1,ENOSF1,FAM155A,FGR,FHL1,GABBR2,GMPS,GPR68,GSTTP1,HDAC1,IBTK,ICAM5,LSM3,NUP50,PLXNC1,PNP,S100A2,SEPT7,SNX1,SPEG,SRPK1,TSPAN3,VCAM1
AMIGO2,B4GALT4,BIN1,C11orf58,CADM3,CXCL3,DESI1,DUSP10,DUSP9,ESM1,GABRA3,H1F0,ICAM2,IQGAP1,ITGA5,KATNB1,MUC1,NECAB3,NEO1,NR1H3,PCYT1B,PLAUR,POLRMT,PPP1R12B,RBMS2,TPM1,TTC39A,WDFY3
ABCA3,ADRA1D,B4GALT3,BCHE,BDNF,CAST,COL4A3,CTSE,DIAPH1,DYNLT1,EXPH5,GANAB,GBE1,GCOM1,HUWE1,IGLC1,KCNAB1,KLK3,NRD1,NT5C2,OVGP1,POLR2M,PRDM1,RAB40B,SH3BGRL,SLC22A24,SOD3,SPOCK1,TMEM8B,TNFAIP6,TRAC,TRAJ17,TRAV20
ACTG1P4,AMY1A,AMY1B,AMY1C,AMY2A,AMY2B,APOBEC3C,BCAP29,CAMK4,CD9,CDH11,COX10,DPY19L1,E2F5,GALT,GLIPR1,GPR1,LIPA,LOC100507575,LOC100652804,LOC100653288,LPP,LSP1,LYPLA1,NDUFS4,PCGF3,PFN2,PLCB1,PROCR,PXDC1,RARRES1,RNF14,RPS12,SP3,UBE2M
B2M,C2orf27A,C2orf27B,DKFZp686K1684,DTX2P1-UPK3BP1-PMS2P11,ELOVL2,EXD2,GORASP2,GPD1L,GUCA1B,ICAM1,IGF2BP3,LPCAT4,MLLT11,MTA1,MUC2,NCK2,OLFML2B,PCP4,PDGFB,PER2,PRF1,RCN1,RECK,RRAGD,SEMA5A,SKIV2L,SLC2A5,SNRNP70,TAF5L,WNT1
ATP11A,BTN3A1,CAPG,CRYBA4,CTSC,CTSK,DNM2,EPOR,FZR1,GGA2,HTR3A,IL15,IL27RA,LEPREL4,LOC100505584,LSM1,MT1E,MT1JP,NDRG1,NTRK1,PAPOLA,PPP1R12A,PRAME,SLC16A5,SSNA1,SSX1,SSX4,SSX4B,SSX6,SULF1,TRIM37,TSPAN1,WT1-AS,ZMYM2
ABCA8,AMOTL2,ANGPT2,ANP32A,AOC4,CLPP,CSF3R,CTSE,CYP4F11,EIF3I,GGT1,GGT2,GGTLC2,HTR7P1,KLF9,MAN2C1,MDH1,MUC1,NCR1,PDE4D,PLCG2,POU2F1,PTK6,RNF187,SAG,SECTM1,SEPHS2,SH3GLB1,SOX10,SUGP2,SYT1,TCEA1,TNNI3,TRAK2
AIF1,BCAS1,BLMH,BMI1,CCNB1,CEACAM1,CLIP3,COMMD3-BMI1,CRIP1,FCGBP,GRPR,GSPT1,HNRNPAB,KDELR2,MCFD2,MSH3,PHGDH,PTPN18,RAD51D,RARRES2,SLC6A12,SMC1A,SRP54,THOC2,TMX4,USP9X,USP9Y,YAF2,ZNF189
ACP2,ASL,AVL9,C21orf33,CALM1,CALM2,CALM3,CD1A,CD44,CES1,CES1P1,CYFIP1,DARC,DEGS1,EEF1A1,EXPH5,EXTL2,GAS6,GRIK5,IARS,JTB,LOC100653057,LOC100653086,LOC100653236,MPHOSPH9,NMB,POLD3,POLE3,POU2F2,SEPT6,SF1,SLC20A2,VDR,WBP1L
AGER,ATF2,ATXN7L1,BAG2,C7,CARTPT,CEACAM5,DNAJB6,EZH1,FBXO9,HLA-DMB,HSPA1A,HSPA1B,IL18RAP,KCTD7,KRT14,KRT15,MST1P9,POP5,PTGIS,RASGRF1,RHOA,RRAS2,SEMA5A,SF3B4,TAPBP,TMEM41B,TSC2,UMPS
ACOT11,AKT1,ASIC3,BAZ2A,CAV1,CEP170,COL1A2,CYP2D6,EFNA1,EI24,ELN,G3BP1,HLA-DQB1,ITK,ITM2A,LOC100293977,LPGAT1,MFAP1,MGAT5,NGDN,PEX1,PFKFB3,PHLPP1,PRL,PROSAPIP1,SOS2,TCF7L2,ZKSCAN1
ADNP,BAI1,BTN3A2,CAPN2,CCT6A,CELSR3,CFH,CFHR1,DNAJB9,FURIN,FZD2,HOMER3,HSPG2,LPXN,MAOA,MARCKSL1,NCF1,NCF1B,NCF1C,NOMO1,NOMO2,NOMO3,OGT,PACS2,PALLD,PENK,PP14571,PRODH,PSG3,PSMC4,PTK7,RBL2,RPIA,RTN1,SPTBN1
ABP1,ALPL,ASAP2,ASTN2,ATP8B1,CAMK2G,CASP10,CLCN4,CLEC10A,CRTAP,DLGAP1,EIF4G2,ELF4,ERVH-1,FAT1,FKTN,GPRC5A,HCP5,HINFP,IL2RG,NR2F1,RAP1GAP,RAPSN,SCN7A,SMARCD2,SUMO2,TFF2,TLX1,TNFSF14
ADAM10,ADAM8,ARRB2,CETN2,CTAG1A,CTAG1B,CTAG2,CTDSP2,DAPK1,DNAJA1,DNAJB5,ELL2,ENSA,EPB41L1,ERGIC3,GFPT1,GK,GOLGA8A,GRIK2,HAUS7,HIVEP2,IDS,KLHL4,MAP3K13,NFX1,NSA2,RALA,RBPMS,SLC35A3,TFDP2,THBS2,VEGFC,WBSCR22
ATP6AP2,CDK1,CROCC,CXCR5,DDX21,EPHB2,FAM153A,FCGR2B,GZMA,HIF1A,HSPA8,KRT18,LRBA,LRRC15,LTF,MYL6,NIPSNAP1,POMZP3,PPID,PRKCZ,PSME4,RAC2,RALB,SEC11A,SYF2,TAF1,TARBP1,ZFHX3,ZNF238,ZP3
ACSBG1,ACVR1B,AGL,APOH,BLOC1S1-RDH5,C4BPB,CCND3,CPT1A,CSN2,DOPEY2,ELK1,FOXD1,FOXE1,HADHA,ICAM2,KIAA0284,LOC100129518,LOC729678,MEF2A,MTERF,NEDD4L,NR1H2,PAPSS1,PDPN,POU2F1,PTPN4,PTPRE,RDH5,RECQL5,RIN2,SOD2,SYK,TES,TP53I11,TPT1,TRAF3IP1,TRIM14
ALPK3,ANKHD1,ANKHD1-EIF4EBP3,ARPC4,CDK11A,CDK11B,CHD1L,CNOT1,CRHR2,CTDP1,CYB5A,DNAJA1,EIF4EBP3,INPPL1,KIFC3,LGALS8,LOC100131530,MAPKAPK3,MGA,OSGIN2,PML,POLR2F,PTPRD,RAPGEF5,RHOA,SCRG1,SMURF2,SPG20,SVIL,TRIM27,VAMP8,XPC
ABL1,AKAP1,AMPH,CDT1,CFLAR,COL9A1,CXCL10,DNMT1,DPY19L1,GPR107,H2AFV,HTATIP2,IRS1,ITGAX,KIAA0391,LHB,MID2,MXRA5,NR2E3,PIK3C3,PRDM2,PRKCI,PSMA6,PTPRK,PYCR1,S1PR4,SOX13,STXBP2,UBTF,VAPB
ARHGEF18,BTG3,CALM1,CALM2,CALM3,CIB1,COL1A1,ELAVL2,GAP43,GDE1,GLYAT,HTR3A,IKBKG,IQCK,KBTBD11,LRRC32,MAN2A2,MLL4,PHLDB1,PNN,PRAMEF1,PRAMEF13,PRAMEF14,PRAMEF2,PTEN,PTENP1,RALGAPA1,RENBP,RNASE1,RRN3P1,RUVBL1,SH3GL1,SMARCA2,TFF3,TFR2,TMEM147
ARL4C,BANF1,C22orf28,CAPN6,EFR3A,FCGR2A,FYN,GEMIN4,ITPR1,KNG1,LGR5,LTK,MCM6,ME3,MEGF9,MRPL49,MXD1,MYT1,OGT,PDIA3,PLA2G2A,SEPT8,SNRPE,SPG11,SSX1,STRN3,TJP3,ZBTB7B
ALDH1A1,BCL2A1,C11orf80,C5orf15,CDV3,CLDN14,CLU,CRX,EPHB2,FOXN3,IDS,IMP4,JMJD6,KIAA1199,KIFAP3,MPPED1,MUC5B,NDUFA9,NDUFB7,NRGN,PGD,PPIC,PRKG1,PTK2B,PTPN20A,PTPN20B,RCE1,SH2D1A,SHOC2,ZNF148
AASDHPPT,ABCG1,ALCAM,AMD1,ARPC1B,ATP1B3,BYSL,COL4A5,CRKL,CSPG4,CYB5B,DAB2,DNAJC13,E2F5,GLB1L2,GNA15,HMGN2,HSPA4,IFIT1,LAMB1,MGLL,MMP1,PPP2R2A,PRRC2C,RBM5,TCEAL4,TCIRG1,TOX,UBE2D1,ZNF160
ADD3,C10orf116,CD86,CLIC5,CTNND1,FAM214B,FOXJ1,GZMK,ID4,IDH1,IL23A,KCNQ1,NR2F6,PDE3B,PHF3,PRNP,PRODH,RELA,RLN2,RPA3,RPS28,SMARCA2,SNAP23,TIPARP,TRAM1,UBE2G2,YME1L1,ZNF428,ZNF593
ANAPC5,BMI1,CCL20,CCT7,CDK11A,CDK11B,COMMD3-BMI1,CP,CXCL12,DHFR,DPAGT1,E2F5,GSTM1,GSTM2,GSTM4,HES1,HMG20B,HMGB2,HNRPDL,IL6,KLK3,MAG,MAP4,PIEZO1,PLIN1,QKI,RBM8A,RHOBTB2,SNX1,SOS1,SOX1,UCKL1,ZMYND8,ZNF169
ALOX12P2,ANK2,ANXA13,BCL2,CCR2,CDKL5,CKB,COL6A2,DR1,EIF3I,GJA1,HINT1,HLA-DQB1,IGFALS,KCND3,KHSRP,LOC100293977,MDM2,MMP7,MUC4,NME1-NME2,NME2,PDGFRA,PSEN1,RAB8A,SLC16A3,SPATA2,TCN2,TM4SF1,TRAF3IP3,USP2,ZC3H14
AHNAK2,AK4,ALOX5AP,AXL,CASP6,CCT6B,CD6,CILP,ENSA,HDAC4,HOXA4,KIAA0485,LOC100507855,NMI,NPTN,NR0B2,PAX3,PODXL,PRDX6,PRG4,RARRES1,RBPMS,RPLP1,SIM2,SMAP1,TLN1,TYMP,ZNF467
ADAM3A,BAZ2B,C9,CUX1,DNAJC16,EZR,FADD,FHL2,GABBR1,GAS6,GCC2,GRM3,GSTP1,GTF2A2,HK2,IHH,IL8,LOC100653024,LOC100653146,PDIA4,PMS2P3,PPP2R1B,PTK2,RGPD3,RGPD4,RGPD5,RGPD6,RGPD8,RPA2,STAT6,TBCA,TTC1,TTC9,TWF2,TYR,VIPR2
AQP3,ARFGEF1,ARIH1,CIRBP,FAM3C,FGFBP1,FGG,GTSE1,HRH1,IDI1,IL1RN,KPNA5,KTN1,LGMN,LOC100132832,MFHAS1,MTHFD1,PAK1,PMS2L2,PMS2P1,PMS2P5,RPN2,SLC39A14,SORD,SRD5A1,TEAD3,TIMP3,TLE2,TOMM34,TTC30A,UBE2L6,USP34
ALOX15,BTNL3,CAMSAP1,CD8B,COL3A1,CRLF3,CRTC1,DNAH17,EIF4G3,FGF18,LOC644172,LRP2,MAP4K4,MAPK8IP1,MIR1204,MXRA7,NACC2,NFKBIB,PDE4A,PTGER3,PTP4A1,PVT1,RNASE4,RRBP1,SLC11A1,SLC28A1,SOX2,SUN2,TAF7,TFCP2,XCL1,ZNF330
ADAMTS2,AIM2,AKR1C3,ANXA8,ANXA8L1,ANXA8L2,CCRL2,CD83,CDK2AP2,CTSK,CXCL2,DAXX,DENND3,DPP6,FAS,FLOT1,GRAP2,IER2,IL3RA,INTS10,LOC100506403,MAP2K5,MMP11,MSX1,PCGF2,POLR2G,PRKCI,RUNX1,SAP30,SCN5A,SERPINA3,TBC1D1
ACAN,ARF6,ATP9A,CARD10,COX5B,CUL1,DKK1,DNAJB1,GARS,GPNMB,GPR39,HAVCR1,HLA-DOA,IFITM2,LOC100506248,LOC728026,MEIS3P1,MIR1244-1,MIR1244-2,MIR1244-3,NISCH,PFDN5,PLN,PPP6R1,PRMT2,PTMA,RCN2,RNF19B,SEC13,SLC25A13,SMR3B,SPPL2B,TKTL1,XIST,ZNF204P
APC,CAMK2B,COA1,COL1A2,CREBL2,DPH1,ERI3,GH2,GPR171,HGC6.3,IL1RAP,INHBA,KLF6,MAPRE1,MED13,N4BP2L1,NCR3,OVCA2,P4HA1,PAFAH1B2,POLDIP3,PRDM2,RPSA,RPSAP15,RPSAP58,RPSAP9,SMC1A,SNORA6,SNORA62,SRRM1,TCF12,TM2D1,TNFRSF11A,UPK1B,ZMYM4
ANKMY2,ARFIP2,CCL8,CD44,CIB2,CSTF2T,ELOVL5,FAM171A1,FGF2,GNB2,HMGXB3,HNRNPA1,IGF1,IL1R2,IMPDH1,LPHN3,LYPD3,MEOX2,NOTCH3,PPT1,PSMB1,RAI14,RIN1,RRM1,SH3GL3,SLC27A2,SLC4A4,SORL1,TRIM28,WASF1
ALDH5A1,ARAP2,ATP13A3,CALML3,CDC20,CXCR1,CXCR2,CYP26A1,DUSP2,FEZ1,FGFR1,GALNS,GAS6,HLA-DMA,IL9,ILF2,INTS9,LINC00094,MGAT1,MTA1,OGG1,P4HA2,PAIP2B,PIKFYVE,RRAS2,STAG2,STAT2,TRIM13,UBE3A,WISP2
AK2,ASCL1,BOLA2,CDC34,CIT,CNTN1,CPT1B,DEFA1,DEFA1B,DEFA3,DHRS12,DOK1,FOXF2,GNPAT,GPM6B,HNRNPUL1,HTR1B,IGSF6,ITGAL,LILRA4,LYN,MATN1,MIR1178,MUC3A,NUP98,S100A13,SPINT3,STX4,TARDBP,TRIM23,VAMP7,ZCCHC14
ACAA1,ATP5S,C7orf23,CCR4,COG2,DNAH9,EPOR,FAM153A,FAM153B,FBXO21,FMR1,GSTM5,HERC2P2,HNRNPL,IFNAR2,IGK@,IGKC,KCNJ15,LOC100294406,LOC100507387,LOC100507427,MINK1,MIR3661,NCK1,PPP2CA,PPP2R5C,PRH1,RB1,RBPMS,RECK,SNAPC5,SP100,STK24,TRIM27,TUBA1A
AQP7,BGN,BTF3,CD44,CFTR,CRELD1,CYP4F2,CYP4F3,FOLR1,FOXK2,GTF2A2,JAG2,LMO4,LOC100509620,MARCO,ME1,MTMR11,NCL,PHF8,PLLP,PSMA4,RPS6KA5,RPS6KB1,SLC7A5,STT3A,TAP1,UQCR11,YWHAZ
ANKRD46,ARAF,B2M,CG030,CST3,DDX52,DPP4,EPB41L2,FOLR1,FOXJ2,KCNA3,KIF25-AS1,LCP1,LHX1,LPHN2,MAPK14,MAPRE3,MLANA,MRPS14,MST1R,NMT1,OTC,POU5F1,POU5F1B,POU5F1P3,S100A9,SLC25A42,TGOLN2,TRIM58,U2AF1,UBE2L3,UCN
AMD1,ATP6V1G2-DDX39B,CLDN18,DCHS1,DDX39B,FGFR2,GADD45G,GAGE1,GAGE10,GAGE12B,GAGE12C,GAGE12D,GAGE12E,GAGE12F,GAGE12G,GAGE12H,GAGE12I,GAGE12J,GAGE13,GAGE2A,GAGE2B,GAGE2C,GAGE2D,GAGE2E,GAGE4,GAGE5,GAGE6,GAGE7,GAGE8,LOXL1,MAOA,MAP1B,MN1,NCALD,NPFF,PRICKLE3,RAD1,RBM8A,SCAF8,SERPING1,SLC25A1,SNORD84,SPAG7,SPEN,STX2,TAX1BP1,TSC22D3,ZFPL1,ZNF254,ZNF629
BARD1,CCL22,CD44,CLTB,CSNK1G2,CXCR6,ENPP2,FEN1,GHRHR,HMGN4,HSPA1A,HSPA1B,INSIG1,KARS,KCNF1,LRP6,MAP3K8,MED7,MKL1,MYEF2,NCOR2,NTRK2,PRCC,RALA,RAN,RBPMS,RNF126,RUFY3,SPTB,TDRD3,USO1
AKR1C1,AKR1C2,ANXA2,B4GALT2,BCAT2,BCL9,CA5A,CFDP1,CHMP1A,CLASRP,DPYSL3,DUSP8,GRB7,GUCY1A3,ICK,IFNAR2,IL15,JUNB,LECT1,LOC100288142,LOC100506032,LOC100653286,LYN,MYC,NBPF1,NBPF10,NBPF11,NBPF12,NBPF14,NBPF15,NBPF16,NBPF24,NBPF7,NBPF8,NBPF9,PCDHGA8,PDE6B,PSD4,PSMC3IP,SPIN2A,SS18L1,UBE3A,VPS13D
ABAT,AIF1,ANKRD26,CBX3,CCL13,CDH11,COL13A1,DGCR6,DGCR6L,GTF2H5,HNRNPA1,HNRNPA1L2,HNRNPA1P10,ITPKA,LBP,LITAF,LOC728643,MATN3,MLEC,MOCS1,NAE1,PCF11,PHLPP2,PURA,RAB35,RAB5C,RING1,SARS,SLC3A2,SURF2,TCEA2,TERF2IP,VDAC2
ASH2L,BIRC2,C19orf21,CYFIP2,EVPL,EXT2,FGF2,FGFR3,GATAD1,GJC2,GPR64,KIFC1,KLHDC3,LRP10,MGRN1,MYLK,NTSR2,OR10H3,PPID,PYGO1,RASSF2,RPL32,S100A13,SHC2,STX3,TMEM109,TOP3B,TRAF6,ZNF451
ADSS,AHCYL2,ARFGAP2,ATM,DOCK9,FGB,FMR1,HERPUD1,IFNA5,JAG1,KYNU,MDFI,MRFAP1L1,MYB,MYL6,NCK2,NDUFS7,NFAT5,NPAT,NTRK3,OR2F1,PDHB,PLG,RCHY1,SNX27,STAT1,SYK,TACC1,UBE2D2
ABCC10,ABCD4,ACVR2B,AP2S1,B4GALNT1,COX7A1,CRHR2,ENSA,ETF1,H2AFV,IFIT1,ITPKB,L1CAM,LCN2,MELK,NEB,NME5,PSMD14,PTPN13,PUM2,RAN,RPL6,RPLP1,RSU1,SAR1A,SERTAD2,SQSTM1,ST5,TBC1D2B,TCF3,VIM
ARHGEF16,B3GAT2,BDH1,C18orf1,CDK3,DCT,DLG4,EYA3,FGF6,GGCX,LAMC1,LDLR,MAP3K12,MAPK8IP3,MBOAT2,MDFIC,OVOL2,PFKP,PTPRO,RPL29,RPS17,RPS17L,SAMM50,SFI1,SLC30A9,SMTN,SPI1,SREK1,TEN1-CDK3,UBAC1,VRK2
ASIC2,ATP6V1D,BTRC,CD58,CELP,DPT,DYRK1A,ERG,GPX2,HLA-A,ITGA8,KDELR1,KDM1A,KIAA0100,NFKBIE,NMT2,PITPNM1,PNOC,RAB11A,RANBP6,RASA4,RASA4B,RASA4CP,RPS17,RPS17L,S100P,SERPINB3,SERPINB4,SLC12A3,SMARCD2,TRAK1,VTI1B,WSB1
ABCA1,ACOT13,CALCRL,CCL1,CFLAR,CLTC,CSHL1,CSNK2B,CYP2E1,DDI2,DNAJB2,FXR1,GALE,GTF2B,HBB,LCE2B,MCM2,MMP9,NDUFA6,NDUFB7,NDUFS5,OXSR1,PTP4A2,PTPN14,RIT1,RSC1A1,SIGMAR1,TBC1D9,TOM1,VEZF1,VWA5A
ABR,ARHGEF1,ATG12,ATP5S,CACNA1D,CD4,CHAD,CXCR1,CYB5A,DCBLD2,DEPDC5,GADD45B,H2AFB1,H2AFB2,H2AFB3,INPP1,ISCA1,KLF1,KPNA3,LOC100652849,LOC100653110,MEF2D,MKRN1,MYO7A,OPTN,PGRMC2,PXDC1,RALYL,RPA3,S1PR2,SRSF8,SSTR2,STRN,SUB1,TMEM159
ABHD14A,ABL1,ADRA1B,AP3B2,ASGR2,CAPN7,EMD,FUBP3,H1F0,H1FX,HNRNPA3,ICOSLG,INPP5B,KIAA0317,MAP3K7,MKNK1,MOG,NEUROG3,NREP,NUPL1,PCDHGB4,PCDHGB5,PJA2,PTGS1,PTPN21,S100A10,SCEL,TAF11,TTI1,USP6,WASF2
AAMP,AGPAT1,AGRN,CACNB1,CCND3,CHD8,CHST10,GAA,GGA3,GRIK1,HPGD,IDS,IGFBP5,ITGA4,MARCKS,PCDH9,PLAU,RAN,RAP1B,TALDO1,TICAM1,TIMM44,TMEM87A,UBE2D3,UBE2H,UQCRQ,ZFP37,ZNF165,ZNF44,ZNF548
ATOX1,BST1,C14orf132,CAMKK2,CAPZA2,CD4,CDKN2A,DAPK3,DHRS7,ETS2,FADS1,GAST,GNAT1,GNLY,GUCA1A,ITFG2,LOC100507424,LPIN2,MAML3,MAP2,MBD1,MCAT,MIR1908,NPTX1,PDLIM5,PECAM1,SEPT11,SET,TBX5,TFF1,TNFRSF17,TRIP4,UBE3A
ARNT,BPI,CD302,CSF3R,EIF5B,ERBB2,HOXD1,HOXD13,LIPE,LMO2,LRRC42,LY75-CD302,MAST4,PCDHA3,PIGR,PRRX1,PSKH1,PVRL3,RABGAP1L,SEC31A,STMN1,TATDN2,TM4SF1,TNFRSF13B,TP53TG5,TRAPPC6A,TSPAN8,TUBA3C,TUBA3D,UROS,WNT5A
ACSL3,BLM,C3AR1,CD7,CD93,CKB,DDHD2,DEFB1,DGCR14,DST,FOS,HGF,HOXC5,HPGD,HSPD1,ITGAV,LOC100652766,LY6E,MAOA,MAS1,MKLN1,PHIP,PRG4,PRKACA,RUNX3,SRC,TSSK2,UBE2D2,UNG,YWHAQ,ZNF324
ANGPT1,BNIP3,BRSK2,C6orf62,CASP10,CDKN2D,COL5A2,COQ9,DYNC2LI1,FGFR2,GOLGA4,HSPB1,IFIT3,IRF6,KCNN3,KLF5,KLHL9,KLK3,LMAN1,NDUFA1,OGG1,PIN1,PNO1,RBMS1,SEPT2,SNTB1,TPM3,WASL,WHAMM,YKT6
ARHGDIB,ATP12A,BRD8,CASK,COMT,EXOC6B,FAM105A,FGA,FHIT,FRAT2,GP5,GPX1,GYPE,HSPA8,IGHG1,MBD3,OLR1,PDE4B,PHF21A,RAD50,SERPINB3,SFTPC,SLC43A1,SLC7A1,SNORD14C,SNORD14D,SRPX2,SV2B,YAF2,ZNF133
ATP6V0E2,CALCA,CCDC85B,CETN3,CYB561,DEFB4A,DEFB4B,FADS2,GJB3,IGF1R,IRX5,LOC100653236,LOC128322,LOC81691,MAF,MAST4,MAX,NCDN,NECAB2,NEDD4,NR0B2,NUTF2,PAFAH1B3,POU6F2,RBBP8,RNF5,TAGLN2,TLX2,TPTEP1,UTP3
ABCB1,CCT2,CDV3,EMG1,EYA2,F2RL1,GBAS,HNF1B,IL8,IQGAP2,LBX1,LETMD1,LFNG,LOC100288963,LY96,MATN3,MFI2,MTRR,PIK3R3,PRPF19,RALBP1,SULT1A1,TBL1X,TERT,TPM1,TRO,XRCC6
AFF2,ANKRD12,ASCC2,C4orf6,CD27,CD59,CERS1,CNTN6,CSRP1,EIF3D,EIF3M,GDF1,GLB1L2,GM2A,HCRTR1,HSD17B6,HSP90AB1,LAS1L,LOC100652987,MKNK2,NFKB1,NFYA,PSMA4,RBM4B,RPL35,SMARCD1,STAT1,TCF7,TNFSF12,TNFSF12-TNFSF13,TNFSF13,TRAPPC6A,TYRP1
AGGF1,BRCA1,C2CD2,CSNK2A1,CSNK2A1P,CSRNP2,DR1,EIF2AK2,FEN1,GREM1,HLTF,ITGA1,KRT7,LILRA6,LILRB3,LOC155060,NAP1L1,NOP14-AS1,OR7E12P,PLCB2,RB1,RCC1,RPL41,SEMA4D,SF3A2,SMARCC1,SPR,TDO2,TEX261,VEZF1,VIP
ABCF1,CACNA1E,CEBPA,CSPG5,CYBA,DHRS12,EEF1B2,EMR2,FGF7,GLMN,GUCY2F,IFT27,MAD2L1BP,NAP1L1,PKM,PLEKHA6,PRRG2,PTPRG,RAD9A,RBPMS,RHBDL1,SCG5,SLC1A3,SMAD2,SNORA41,TAGLN3,UBE2J1,ZFC3H1,ZNF787
ABCA2,ACTN3,ADAR,AIP,CACNB2,CSHL1,DCAF7,ETV6,EYA4,GDF15,GIPR,GPRC5A,IGH@,IGHA2,IGHD,IGHG1,LSM5,MAGEA9,MAGEA9B,MEN1,NFATC1,NME3,PAK2,PCGF1,RANBP9,RBMS3,RCN2,SMAD3,TAOK3,TNIP1,USP8,WHAMMP2,WHAMMP3,WNT10B
BCL7A,C12orf51,CA11,CACNA2D2,CD97,DEPDC5,DNAH3,FRAT2,FZR1,HNF4G,IFNGR2,IL1RL1,KCNB1,KRT16,LEFTY2,LRRC14,MAP2K4,NPRL2,PCGF3,PLOD1,PPP2R5C,PTPRB,RALY,RAP1A,RHOQ,RUNDC3B,SAR1A,SLX1A-SULT1A3,SLX1B-SULT1A4,SRGAP3,SULT1A1,SULT1A2,SULT1A3,SULT1A4,TMEM151B
ANP32B,ARNTL,C21orf2,CDC6,CENPF,CHD8,CLEC16A,DNAJB6,DYNC1I2,ELAVL4,FMO6P,GP9,GPX4,ID2,ID2B,IL1R1,MDK,MTHFS,MTX1,NNAT,PNPLA4,RARG,RBP3,SFN,SIPA1L3,SLC8A1,ST20-MTHFS,STK25,TAX1BP1,TRIM66,WIPI2
ACSM3,AKAP10,ARPP19,BOP1,BRD8,COBL,CRLF1,DDO,DDX42,DLC1,EIF3G,EMC2,FABP5,H2AFY,HIVEP1,IGHG1,KIAA0101,MAP3K1,MEF2B,MEF2BNB,MEF2BNB-MEF2B,PAQR4,PKN2,PRPF19,PRPF4,RBFOX2,SCML2,SKAP2,SMARCD2,SPOCK3,SYK,TBC1D9B,TTLL5
ADPRH,BASP1,BTBD3,C10orf95,C17orf76-AS1,CACNB3,DPY19L2P2,EEF1A2,ERBB3,FAM20B,FOLR1,GTF3A,HNRNPA1,LOC100505761,MIR4691,MPZL1,NDUFS8,NR1H2,NR4A1,NXT2,PDE2A,PDLIM4,PPP1R15A,PSMB3,RBMS1,RHOH,RNF144A,RUNX1T1,SLC12A2,SNORD49A,SNORD49B,SNORD65,TIMP4,XRCC5
ADCY3,ADRB3,ATG14,CACTIN,COX5B,CSPG4,ERVK-19,ERVK-4,ERVK-9,FGFR2,GPR12,GSTP1,ID2,IL32,ITGB3BP,MCAM,ME1,MYOM1,NDUFS2,NFKB2,PNRC1,POLR2J,PPIL2,PPOX,PRKCB,PTPRM,SLC25A26,SYNCRIP,TXNL4A,VPS11,ZNF192
ACAP1,ARHGAP1,ASXL1,C19orf26,CAST,CDK2,CHST2,DDAH1,EAPP,ERBB3,ESR2,FCGR3A,FOLR3,GABRB1,GCSH,GRAMD1B,IFIT2,KLHL35,LDB1,LRRC17,MAGI1,MTDH,NFKBIL1,NPR2,PAXIP1,SASH3,SKAP2,SOX12,SPINT2,SUOX
ACSM3,BDKRB2,CTDSPL,FBXL5,FOXG1,GATC,GCLC,IQCK,ITM2B,KIF25-AS1,MAP2K3,NUP62,OAS1,PAX4,PECAM1,PISD,PREPL,PRRC2A,PTPN4,RASA4,RASA4B,RASA4CP,RPL18A,RRN3P1,RXRA,SBNO2,SCN2B,SMAD3,STK17A,TRAK1,UPK3BL
ABCA4,ANGPT2,ARMCX2,CCL15,COL17A1,CYP2J2,DHX29,DSCR3,IGF2,INS-IGF2,KCNA5,LCK,LPAR1,MED22,PROL1,PRUNE,PTENP1,RGS4,RHOBTB1,RPS15A,RTEL1-TNFRSF6B,SRC,SRY,TCEB3,TLK2,TNFRSF6B,UBXN7,ZNF167
ACIN1,CAP2,CD33,CDC25B,CELF1,CLIP1,CORO2B,DDX10,DFFB,DMWD,ESRRA,FBXO46,HBXIP,HNRPDL,IRF4,ITGBL1,KCTD17,LOC100506403,PCDH11X,PCDH11Y,PHYHIP,PPP3CC,PSMD7,PTGER4,PTH,RRP12,RUNX1,SLC9A7,SMYD5,SPN,TMEM11,TRAFD1
AKR1B10,CBX4,DESI2,DNAJC7,EIF2S1,EPB41L3,EREG,F8A1,F8A2,F8A3,FAM63B,GNB5,HNRNPH1,HNRNPU,HOXB5,ICAM3,IFI27,MAMLD1,MARCH3,MRPL28,NGDN,NRP2,PI4KA,PI4KAP1,PI4KAP2,PPP1CA,RAB8A,RHOBTB3,RNF185-AS1,SH3PXD2A,THOC2,TOP3B
ADD1,AOC2,BAG1,CALCA,CASC3,CBX5,CCNB2,CDC42BPA,CTSH,EDN2,EIF2B4,ENTPD1,FAM208A,FOS,HOMER2,IFI6,IL1RL2,MED20,MS4A2,NAPG,NDUFV1,NPM1,OTUD3,PDCD1,RAB40AL,SOCS7,TAL1,TSC22D1
ABHD2,B4GALT5,C4BPA,CASP9,CHKB-CPT1B,CPT1B,CTRB2,DMTF1,ELF1,ENG,ESYT1,FASN,GPR15,HOXB1,HPGD,LIFR,MOXD1,NHLH2,PAMR1,PDZD2,RAB5B,RPL13P5,RPS29,SLC4A8,TSR3,UCP3,USP12,VPS26A,VPS72
ADAM28,ANGPTL2,ARHGAP25,BICD2,BRE,C16orf62,C1orf61,CASR,CD4,CTBP1,CYP2C8,DFFA,FAS,GART,HMHA1,HNRNPA0,LOXL2,MT3,NDUFB5,NECAP1,NFATC3,NFRKB,NR1I3,POLR2K,SLC31A1,STOM,SUMO2,TCN1,TFF3,UBR5
ALDOA,ALDOC,ALK,ALOX12,ARR3,CCT8,CFDP1,CIB2,DUSP4,EIF2C2,FMOD,GABRR1,HTRA1,IARS2,IGHG1,INPP5A,LOC286109,LSM4,MAPKBP1,MRPS27,MX1,NCDN,PIR,PPP2R5B,PTPRS,RAD51D,RPN1,SKAP2,TXN,TXNL4A,UBC,ZNF500
ABCC1,ACPP,ALDH4A1,APBA3,COASY,COPB2,CYP11B1,EIF4E,GPR161,GSTT1,GYPB,HCAR3,HDDC2,HIST1H2BD,HSPA9,INPP4A,ITGB4,JRK,LOC100507577,LRRFIP1,MECOM,NFATC4,POLE,RNF2,RWDD3,SERPINH1,SLC4A7,SLC7A6,TTLL12
ABCB10,ADH6,ALOX15B,BPY2,CDC25C,CNGB1,DNAJC24,GATA4,GLO1,IKBKB,INPP4A,KIAA0528,MLC1,NHLH1,NRXN2,PEX5,PRSS16,PTPN6,RASA1,SNRPD2,SRP72,TBX1,TPMT,TPP1,TRBC1,USP1,VPS39,ZBED1
ADORA2B,DNAJC9,DOCK4,ERG,FCGRT,GK2,GLMN,GLRA1,GUCA2B,IGF1,KIF21B,LOC100652851,LOC100653318,MARK2,METAP1,MPO,MYL2,NRIP1,NUMB,OLFML2A,PBX3,PDE5A,PPP1R7,PRPF40A,RANBP9,RPS23,SNTA1,SOX2,TSPAN9,UTY,ZDHHC18,ZSCAN12
AKAP9,AZU1,BRMS1,CD63,CLIC2,CPA3,CR1,CYP27A1,EGFR,ENO2,EPHX2,GABBR1,GNG4,HEXA,LOC100509484,MC1R,MCC,METTL3,MRPL12,NKG7,PACSIN2,PLIN2,POLB,RNF10,SLC25A6,SLC9A7,SPOCK2,STX16,TFF3,TNPO3,UBA3,UBD
ASNS,CCNH,CD72,CHSY1,CLCNKA,DENND5A,EPAS1,FGF7,FRMPD1,ITGB5,KDM5A,KIAA0754,LOC100287576,LOC100506454,LOC100652809,NSFL1C,OAS2,OPRM1,OXCT1,PCNX,PDE8A,PGM3,PTPRR,RNF216,RNF216P1,SF3A3,SGCD,SKP1,TBCD,USP22,ZNF264
ARID4B,CANX,CASK,CCL2,CDKN1C,CH25H,CUL4B,EED,FAN1,FOXO1,HCK,IDS,IVL,MYB,NFIB,PCCB,RABL3,RBM14-RBM4,RBM4,SAMD4A,SFPQ,SMAD4,TNNC2,TRIP12,TSC22D2,VEGFC,VSIG4,ZNF410
ABCA12,ADRB2,AGFG2,ANP32E,BRD2,CSF2RB,CXCR4,DBC1,DBN1,DDC,DTX2,FGF18,FGF7,FPR1,ITGAV,LOC100653244,NPY,PFN1,PSG4,PSG7,RBMX,RBP1,RPH3A,RTN4,SCNN1D,SLC24A1,SLC46A3,SNORD61,SRSF1,TGM4,TNFRSF9,VPS13A,ZNF248
ADIPOQ,AR,BCRP3,CAPZB,CD164,COX7A2,D4S234E,HFE,HHLA1,HRAS,ITGA3,ITIH1,KIAA0509,MPST,NBAS,NIT1,NTNG1,PRKACB,RAC1,RBBP4,RIMS2,RNASE3,SLC38A10,SMAD3,SMR3A,SMR3B,TMEM123,TNF,UBE2S,UQCRC2,WDR1,WWTR1
AES,ASB9,CACNA1S,CCBL1,CRABP1,CSF1,CXCL5,DST,FAM115A,GCA,GM2A,HSPA8,KIAA0907,KRT76,LMNA,LOC100294033,LOC100652766,MCRS1,MMP20,NME4,P4HB,PCK2,PPFIA1,RANBP2,RPL22,RPS3,SLC22A13,SNORD14C,SNORD14D,SUPT4H1,TRAPPC2,TRAPPC2P1,VARS,VILL
ABI1,ADAM9,AMD1,CGB,CGB1,CGB2,CGB5,CGB7,CGB8,CNPPD1,COL4A3,EIF4A1,IDH3B,KDM5C,KIF1C,KRAS,KRT8,LALBA,LMAN2,LOC100653017,LOC100653149,MIR612,NEAT1,NTRK1,NTRK3,PPP2R3A,PSMD10,PTPN2,RAD23A,RAG2,SNX7,STAT6,THAP11,TIMP1,TNK1,USP9X,XPO1
ANAPC13,ARHGEF4,ARMCX6,CBX2,COPS2,CYLC1,DSC1,E2F1,GAB2,GNL1,GRIN1,HTATSF1,KPNA2,LDHA,MYT1L,NCAPH,PTP4A1,RUNDC3A,SAT1,SLC30A4,SMAD3,TBR1,TNFRSF4,TOMM20,TPM4,TSPYL2,VDAC1,WDR62
ACTB,ACYP2,ALMS1,APPBP2,ATP2B4,C9orf114,CACNA1C,CASP8,CHML,COBRA1,DEK,DOLK,DPYSL2,ERAP1,GPER,HIP1,JUND,LRCH1,NT5E,PCDH1,PGRMC1,RAB31,RARG,SDHB,SH2B1,SIGLEC7,STAT5B,UGDH,YTHDC2,ZNF175
APOBEC2,ARF4,BCS1L,CACNA1E,CNOT4,COL10A1,DHX34,DIP2C,ENPP2,ETV1,GAB1,HIST1H1C,HOMER1,MED8,PBXIP1,PCSK5,PITPNA,PSMD1,RBBP4,RBM38,SCARF1,SEC24B,SQLE,STC1,SUPV3L1,TCF25,TP63,TRAF2,XK
ALDH1A3,BCL2L2,BIRC5,CBR4,CBX7,CDK7,DOCK1,ENPP1,FZD1,GUCA1B,IL13RA1,KRT10,KYNU,LAMA3,LCK,MATK,MB,NXF1,POLR3G,PSMA3,PSMC6,RAPGEF2,RPL9,RPS6KB1,SCARB1,SGCD,SSPN,THBS2,TXNIP,USP14
ACOX1,ALDH9A1,COIL,EMID1,FEZ2,GRM1,GSTA4,HSPB3,ICMT,IGF2,INS-IGF2,INSL4,KAT2A,KIAA0141,KLHL23,KLK11,LINC00599,MIR124-1,MYC,MYL3,NFIB,PHOSPHO2-KLHL23,POU4F1,RASGRF1,RPL3L,SMCR7L,ST3GAL6,TIMP3,TRIO,UFD1L,ZBED4
ACSL6,ADSL,BCL6,CCNB1,CCR7,COL6A3,DYRK1B,EPS8,FKBP1A,GYG1,HBEGF,HNRNPH2,HUWE1,IKBKE,KIF5B,LAMB4,LIG3,LOC100505572,MAT2A,MLX,PDE6C,PITPNB,PTPRB,RHEB,RPL36A-HNRNPH2,SLC5A3,TMCC1,TNK1,TTC37,ULK2,UNC119
AZIN1,BLVRB,CACNG1,CDC42,CPLX2,DEDD,DIAPH2,ETFB,FIBP,GNAS,GPT,GRK1,LGALS3BP,LGALS4,MAP2K6,MEGF6,MGMT,NDUFAB1,PDGFRL,PGLYRP1,PRKAB1,TAF15,TOMM34,TP53BP2,TPX2,TRAF5,U2SURP,USPL1,UTP3,XPA
ABCG2,ALG13,CAND1,CFL1,CREBBP,DKK3,DYRK2,FASLG,FSCN2,FSTL3,GCDH,ITGB2,ITPKC,MAGEA3,MAGEA6,MAP4K1,MAP4K5,PGM3,PKN2,PROX1,PSMA1,RNF113A,SEPT11,SLC39A8,SLC4A4,SMTN,SNN,TAGLN3,WT1-AS,ZMIZ2
CD34,CTR9,DNAJA3,DTNA,FLJ39639,FOLH1,FOLH1B,GRSF1,IGFBP3,KAT7,KRT75,LAPTM4B,MFSD7,MT4,MTMR11,NFE2L2,NRXN3,OAZ1,OR5I1,PALM,PDZK1IP1,PSMD4,SARDH,SMARCD3,TMED9,TNNT3,TRAPPC8,TSC22D3,UTF1,ZMYND8,ZNF263,ZNF75D
ADAM17,AP1G2,APOA1,ARHGAP5,ASIC1,CGRRF1,CNP,CTAGE5,DHPS,FLT4,FZD5,IDH3B,LOC100652777,LTN1,MAPKAPK3,NUCB2,PLA2G10,PMS2P3,RBL1,RNF8,RYR1,SEPT6,SLC22A18,SNRPB2,SPTB,TAOK3,TMEM109,TRIO,TULP3,UBR5
AGGF1,BAI2,CAMP,CSDA,CYP11B1,CYP11B2,DAAM2,EGFL8,EIF5,FARSA,FLT1,GATA2,GPN1,GRB10,GTF2F2,H2AFX,HBB,IL10RA,ITGA1,LRP4,MAP2,MSC,PDIA2,POLR1C,PPT2,PPT2-EGFL8,RABGAP1,RHOQ,SLIT2,SYNJ1,TNKS,WDTC1
ADH1C,CGRRF1,D4S234E,DDN,FGL1,GRAP2,GTF3C2,GUK1,MAL,MOBP,MPHOSPH9,MYO1E,NTNG1,PMF1,PMF1-BGLAP,PSMD12,REG1B,RPL27A,RUNX2,SBSPON,SEMA6C,SNORA3,SOCS1,SPECC1L,ST3GAL2,STAT3,TBCD,TNPO3,VSNL1,ZFP36,ZFR2
AMBP,ANKLE2,B4GALT1,CD47,DDX3Y,DNALI1,EXOC3,G0S2,GNG12,GOLGB1,GUCY2F,IFI16,LOC100507047,MARCH6,MCCC2,MICB,MICU1,MTMR6,MXI1,PSEN2,QRICH1,RDH11,REEP1,RGL2,RPL39,SFI1,SHB,SOLH,STK10,ZHX2
ACTN2,ALPI,BRD2,CBFA2T2,CDC42EP1,CPS1,FGF1,GPR137B,HLA-B,HLA-C,HTR2A,ITGB5,LARP4B,LMTK2,LY75,LY75-CD302,PDPK1,PFKFB3,PPP4C,PROZ,PTS,RHOD,SLC1A7,SRPX,SWAP70,TRAPPC12,TXNL1,ULK2,VAV1,VWA5A,WNT7A,XRCC5
AKAP11,AKT3,ARHGAP44,C1orf63,CASP1,COL11A1,DGCR11,DNM1,FOXN3,GLDC,GNAS,KANK1,M6PR,MEGF8,MPHOSPH10,NF2,NFIC,PROSC,RASA2,RNGTT,RPS6KA3,SAA1,SAFB,SERPINB5,SLC1A4,SLC25A26,TEAD4,TERF1
ACVR1B,CNBP,CNN3,CUL7,CYP2C8,CYP4F12,DHX38,DYNC1LI2,EIF4A3,FGF8,FOXI1,GTSE1,GYG2,HLA-DRB4,KIAA0240,LOC100509582,LRP8,PARP1,PRKACA,PTPRE,RASA1,RFC4,SCYL3,SEPT11,SLC25A16,TGFB1I1,TUBGCP4,URM1,VEGFB,YWHAZ
AGGF1,BRAF,CEP290,CHRD,CTNND1,CXCL13,GABPB1,GCLM,H6PD,HNRNPC,HNRNPCL1,LOC100652761,LOC100653343,LOC440563,LOC649330,NAA10,NDUFS3,NELL1,NFASC,PCBP4,PCYT2,PIK3C2B,PMS1,PPFIA1,PTGDR2,PTPN11,RALB,S100G,SAC3D1,SAP18,SGK1,ST7,ST7-OT3,TMF1,TMX2-CTNND1,TROVE2
AMELX,APOB,ARID3A,CAND2,CCND2,CCR6,CHST7,DCP2,DHPS,EPAG,EPHX1,GNG5,HEXIM1,IGLV1-44,KCND3,KIAA0247,KRT16,LECT2,MAPK11,MYH10,PABPC1,PGC,RSAD2,SEMA6A,SLC10A1,SLC17A7,SLC25A13,SNAPC2,TRAF5
ACOT1,ACOT2,APEX2,BCL2L1,C4orf46,CCDC106,CD3D,DLD,DLG5,DNAJC7,F2,FSHR,LOC653562,LYST,MSH6,OPN1SW,POLR2E,PPP2R5C,PSMD3,RBM10,RGS10,SGSH,SLC6A10P,SLC6A8,SNRPD3,TMSB4X,TOMM7,WTAP,ZNF24,ZNF345
ACPP,ALX3,APBB1,APOD,CAMK2B,CCPG1,CCS,CEBPD,CHRNA6,DYX1C1-CCPG1,ERVK-7,FTSJ1,GAGE1,GAGE10,GAGE12B,GAGE12C,GAGE12D,GAGE12E,GAGE12F,GAGE12G,GAGE12H,GAGE12I,GAGE12J,GAGE13,GAGE2A,GAGE2B,GAGE2C,GAGE2D,GAGE2E,GAGE4,GAGE5,GAGE6,GAGE7,GAGE8,GARS,GSTT1,JTB,KIF5A,KRT12,MC2R,PCBP2,PCDH8,PFKFB2,RAB3B,RNF11,SGCE,SMARCE1,SYNE2,TRA2B,VCAN,YPEL1,ZNF239
ATXN7L3B,BTBD2,CYP7B1,DGCR6L,DLX2,DUSP14,FAU,FGF4,FUT8,HGD,HYAL2,MAPK1,MYBL2,NEBL,PCDH1,PIP,PSPH,SF3A1,SFN,SGTA,SLC5A5,TMEM194A,TNC,TNIP1,TUBB4A,UBE2N,YES1,YWHAH,ZFYVE16,ZNF187
ADAMTSL3,APOC2,APOC4,APOC4-APOC2,CTCF,DGCR2,GLI1,GUSBP3,HDGF,ILF3,KIF5C,LYST,MDK,MMP14,MORF4L2,MTHFR,NPTX2,OAS2,PLD2,PLLP,PLXDC1,RAB5A,RABGGTA,RBM19,RERE,RNF114,RPL28,SRF,STAT3,UBE4B,XIAP,YME1L1
ALDH3A2,ARHGAP29,C10orf12,CAPZA1,CSTF1,DOK4,F10,FAM178A,FEN1,GABRA1,GNA11,GNAZ,HABP4,KLF10,LOC728802,NPHP1,OLFM1,PAPPA,PDE4DIP,PDK1,POU6F2,PRIM1,PRKCI,PTMS,RPL15,RRP9,SLC17A7,SMYD2,SND1,TGFBR3
ABL1,BNIP3L,BTF3,C19orf6,CAP2,CDR2,CYP19A1,DGKG,FNTA,GOT1,GRAP,IGF1,ITPR1,KIAA0125,KIT,LILRB5,PDGFRB,RAB33A,RHBDF1,RPL15,RXRB,SARM1,SHANK2,SLC2A3,SNCG,TGDS,VIPR1,ZBTB43
ATMIN,CASP10,CFD,CPNE1,DMBT1,FCGRT,FOSL2,FTH1,FTH1P3,FTH1P5,GRIK5,HNF1A,IST1,LAPTM4A,LSAMP,MINA,NCR2,PCGF2,PIK3CB,PIP5K1A,PLCG2,PRMT2,RBMS3,SLC6A13,TNFSF8,TOB1,UBE2I,XPNPEP1,ZNF23
ADAM17,ADCY8,APPBP2,ARHGEF17,CDR2L,CTSS,DOK2,EPHB2,FABP2,FADS1,FAM3A,GABRB2,HABP2,KCNC3,KYNU,LIG4,LOC100508408,MAP2K4,MIR1908,NUAK1,NUP155,OIP5,OSBPL2,RAP1GAP,RNPEP,RPS13,SMC2,SNORD14B,TFDP1,VTN,WBP4
ADH1A,BCAM,BTRC,C10orf137,CAPN5,CNKSR2,CXCL9,DCLRE1A,EFR3B,EHBP1,EIF2B5,FCGR2A,GATA3,GNB2,INPP4A,INTS3,MT1X,MUTYH,MYL12B,PAX9,PCCA,POLR2C,PPFIA3,PRSS22,SEL1L3,SEPW1,SLC6A4,TOP3A
ADAM23,API5,ATP2C1,C17orf75,CEBPE,CKS1B,CXADR,EGR4,EPHB4,FLT1,FPGS,GAD1,GPI,JHDM1D,KDELR3,LILRA3,LOC100653070,MSMB,OBSL1,OGG1,PDLIM7,PIK3R1,PTPRC,PTPRH,RAC2,RGN,SNRPC,SP1,TPST1
CD247,CKM,ENOSF1,FAM13A,FAM63B,HBA1,HBA2,IAH1,KALRN,KCNK1,KEAP1,KRT19,LYZL6,MIR1204,MYH10,MYH11,MYOF,PARVB,PRDX3,PRIM2,PRUNE2,PTPN1,PVT1,RABGGTB,RAD54L,RWDD2A,SEMA7A,SLC30A1,SYNPO,WRN,ZNF500
ALDH7A1,ASMTL,C9orf3,CALB1,FAM91A1,FAM91A2,FES,FGL2,GCG,GHRH,HIRIP3,HNF4A,KDR,LOC728855,MAP2K5,MPG,MUC5B,NFKB2,NR3C2,OPA1,P2RX6,PDE4C,PPP1R2,PSMD7,SEMA3B,SH3BGR,SPINK5,TBX2,TBXAS1,TXNRD2,WWP2
AGXT,ARPC4-TTLL3,ATF2,BNIP2,CDC23,CHURC1-FNTB,EBNA1BP2,EFNA3,EIF4B,FAM50B,FCGR2B,FLOT2,FNTB,GAS7,HSPA4L,IDH3G,LDHB,LOC100653227,MTF1,NINL,NTRK2,OGG1,PDGFRB,PLEKHM1,PRKG2,PROP1,PSCA,PSMB8,SLC25A1,SSX2IP,TTLL3,UBE2S,ZFY
ARFRP1,ATP7A,BRD8,C14orf1,CD3E,CD6,FPR3,GFRA3,GLMN,GNB3,GNL1,GTF2IRD2,GTF2IRD2B,HIC2,HNRNPM,LMTK2,MARS,NDUFAF1,PKP1,PTEN,RAB31,RPS12,SFI1,ST3GAL5,TAF13,TNFSF11,TNFSF4,USP34,XPOT,ZDHHC18
ABCA6,AGAP2,ASS1,BCL6,CKMT2,CYTH3,DDAH2,FDPS,HMGCL,ITGB1,MFAP2,MYCNOS,OSGIN2,PDK3,PXDN,RAD21,RECK,RRBP1,RSU1,SCAMP1,SLC35A2,SORCS3,SPAG5,TGOLN2,USP5,XPO7,ZFP36L1,ZKSCAN3,ZNF92
ANP32E,BBOX1,BLMH,CDYL,CLCN2,COL4A6,CPZ,DAZL,FAM65B,FXYD2,FXYD6-FXYD2,GNGT1,GPR78,HIST1H2AG,HIST1H2AH,HIST1H2AI,HIST1H2AK,HIST1H2AL,HIST1H2AM,KCTD2,LAIR1,MADD,MCM7,MFAP3L,MUC3A,MUT,NOV,NUP205,OPLAH,PHF1,PTPN11,STX6,TTLL5,ZNF282
AGTR2,AHCTF1,ARHGEF2,ATP5I,ATP6V1E1,CLP1,DDB2,DHH,DNAJB4,EWSR1,FGFR2,FYN,GIT2,GNL1,IGFBP3,KATNA1,KDM6B,P2RX7,POLR3F,PSMD13,RAD51B,SCAPER,STK17B,TAF1C,TMEM186,TRAF1,WDR13
ARAP1,BIN1,CENPB,CHRFAM7A,CHRNA7,DPH2,DUSP5,ELAVL2,ENTPD5,ERCC3,FAM3C,GSR,H2AFZ,HSPA1B,HTR1B,IGSF9B,KIF14,MAP2K3,MAPK8,MOGS,NCAM1,ODF1,PLA2G2A,PPP1R11,PRPF31,RAP2B,SCAND2,SLN,SRPR,ST5,TNFRSF1A
ADH1B,BAIAP2,BPGM,CPNE3,EGFL8,FADS1,GABRB3,HELZ,IFNW1,ITFG2,ITGB3,KCNK2,KRT37,LAT,LOC100131510,LOC100507424,MIR1908,MTAP,MYF5,NEDD8,PLCB3,PPT2,PRSS2,SGCG,STARD8,STXBP5L,TLR1,TTLL1,UBE4A,UBTF,ZNF415
ACOT7,AMMECR1,ATP6V1B1,CCL19,CDH1,CDH13,FAM5C,HNRNPA2B1,IK,ITK,JAK2,KYNU,L3MBTL1,LY86,MDM2,MGP,MXI1,NENF,NHP2L1,PROS1,S100A12,SEC61B,SMARCC1,SMARCC2,SRM,SRSF2,SUN1,TGFB1,UBE3B,UGCG
APOBEC3F,ATP5F1,BCL2,C10orf10,CCND1,CD79B,CLNS1A,CPSF4,DAPK2,DOHH,EFNA4,EIF1AY,GZMB,HK3,IFI44,IFIT5,KIAA1279,KPNA6,MDC1,MTOR,NFIB,NINJ1,RAP1GAP2,SCAPER,SMNDC1,ST6GALNAC4,TERF1,VCP
AFF1,AGFG2,ARFIP1,ART4,BAX,CD69,CIITA,EIF2B1,FRK,HSPA12A,HYOU1,IMPDH2,MC5R,MFAP4,MLLT3,MRE11A,MUC3A,MXD1,NDUFA7,NR3C1,PPP1R3A,RARG,SLC22A18AS,SSSCA1,TIMM17A,TROVE2,TUBB4B,TXNRD1,ZNF43
ACSM2A,APOE,ARL2,BTG2,CCND1,CCNT2,CSNK1D,ENPP1,EXO1,FAM120A,FUT2,GZMH,ITGB4,ITPR1,MAPKAPK2,METTL21B,MICAL2,MRPL9,PDXK,PPIP5K2,PRAMEF12,PSMA5,RUNX1T1,SPTBN2,SSX5,TGOLN2,TNK1,UBB,ZBTB7A
ANKRD36,ANKRD36B,ANKRD36C,ATP5S,ATXN10,BTN2A1,CEP68,COX7A2L,DLG1,ESR1,ESR2,FAM155B,FAM161A,HARS2,IFT27,IVNS1ABP,KLF4,NR4A1,NRG2,NUP153,PAR-SN,POLD2,PRKAR1B,PSKH1,PTTG2,RPL13A,RPL13AP5,RPS15,RUNX1T1,SNORD107,SNORD32A,SNORD33,SNORD34,SNORD35A,SNRPN,SNURF,SPTSSA,SYNGR1,SYP,TSPAN6
ABAT,ACTN1,ADD1,C3orf37,COPS5,DAAM1,DDIT3,DYRK1A,ENTPD2,FCGR1A,FCGR1B,FCGR1C,FMNL1,FZD2,IGLL1,KIAA1467,LHB,LILRA2,MAD2L1,MKI67,MSH5,MSH5-SAPCD1,NOLC1,OGDH,PIP4K2A,PPP1R3C,PPP2R4,RB1,SAPCD1,SRSF6,TFAP2C,THBS1,TNFRSF1B,TTBK2,UBE2E1
APOBEC3G,BAIAP3,CRISP3,CYLD,DNASE1L3,DRAP1,GABRE,GFAP,GSTA1,GSTA2,HNRNPR,HOXC6,HOXD4,HSPA5,HTRA1,IGKC,ISG15,KCNN1,KDSR,LTBR,MIR224,MIR452,NDUFA2,PDCD11,POLR2H,PPP1R8,RABAC1,RGS7,SERPINB5,SERPINI1,SMAD7,SRSF1,TK2
ABCB8,ADD3,BAG6,BPTF,CALCR,CASP4,CIC,CRADD,CREB5,EIF5,EML3,FBXL2,FOXM1,GORASP1,HDAC5,HNMT,LMO1,LOC100509474,LOC146880,LOC401317,MUSK,PABPC4,PLA2G16,PLA2G1B,PTPN3,RDX,RGS2,S100A4,SLC7A1,SMAD5,UBC,VASH1,ZNF518A
ABCB1,ALDH1B1,ASCL1,ATP5H,BIK,CCR2,CD163,CLDN8,CLEC2B,COPS8,DYRK4,ECM1,FADS1,FGF2,FUT1,GNL2,HNF1A,LPHN2,MIR1908,PCDHGA12,PCYT1B,PSMC2,PTAFR,RAD51C,REM1,RPL22,TGFB2,TOPBP1,UNC13A,VCL,ZFAND5,ZNF473
AMHR2,C19orf10,C9orf16,CAMTA1,ERCC2,FOLH1,FOLH1B,GNA12,HDGF,HSPA13,INSL3,KCTD12,KIAA0196,KLHL21,LSS,MATN4,MTG1,NR4A3,ORC5,PAICS,PPL,PPP1R37,RASSF8,RPL34,STAT5B,TCF20,UGT1A1,UGT1A10,UGT1A3,UGT1A4,UGT1A5,UGT1A6,UGT1A7,UGT1A8,UGT1A9
ACBD3,ACTR3,API5,ATP6V0A2,AZIN1,BOLA2,CALR,CYP2C19,DPYSL4,EPRS,HLA-DRB1,HLA-DRB3,HLA-DRB4,HLA-DRB5,HLA-DRB6,ITIH3,KAZALD1,KCNH1,KIAA0408,LOC100507709,LOC100507714,LOC100509582,LOC339290,LOC440354,LOC595101,LOC653566,MCM3AP,MEP1B,OAZ3,ODZ1,PACRG,PAFAH1B1,PARG,PHKA1,RBCK1,RRAS,SLC1A1,SOGA3,SPCS2,TFDP1
ABCC10,APITD1,APITD1-CORT,CCBL1,CDC123,CLPTM1,COL14A1,CRHR1,DNPEP,FAIM2,FAM47E,FAM47E-STBD1,GBP1,GTF2A1,HOXA5,ICA1,ITGAM,JUND,MBP,MFAP3,NIPAL3,PGAP1,PRKAR1A,REL,SATB1,SERP1,SNRNP40,STBD1,TGIF1,TNKS,TRPC2,TSG101
ATP6V0C,BCL2,CALM1,CALM2,CALM3,CAMK2G,CBX5,CYP3A4,EIF4E2,FABP3,FANCG,FNTA,GM2A,HADH,INPP4A,KIFC3,LOC100507948,MAB21L1,MSTN,MYCL1,PDE6G,POLA1,PPP1R2,RAPGEF2,RASGRF1,RBMX2,SCFD1,SCGB1D1,SENP5,SH3GL2,TMED7,TMED7-TICAM2,TPM1,URB1
ABCC4,APOA4,CD47,CDK16,CGB,CGB1,CGB2,CGB5,CGB7,CGB8,CHAF1A,CNTN5,DDX18,F2RL1,FKBP5,GRHPR,GSTM5,HIST1H2AG,HIST1H2AH,HIST1H2AI,HIST1H2AK,HIST1H2AL,HIST1H2AM,HOXD8,IQSEC1,JOSD1,LIMCH1,LOC100653018,LOC100653255,NCK1,NELL2,NLGN4Y,OR7A5,PDE1C,PKI55,PQBP1,RPL36AL,TMCO1,TUFM,WDR18
ACAT1,AMT,ATP5B,CSF2,DDOST,DMXL1,DYRK2,EMILIN1,FGFR2,FH,FOXD2,GBF1,GLT8D1,HDLBP,HSPB6,KLF11,MICAL3,MTIF2,NCOA3,NFIX,OVOL3,PKD1,POLR2C,PTH,RET,SCN1B,SERPINC1,SLC39A6,TRMT1,XRCC5,ZNF710
AIPL1,ATP6V1A,C6orf162,CCBP2,CCT4,CDK18,CLCC1,CREM,CSK,CTBS,CTSK,ETV3,FADS3,GFI1,GOLIM4,HAP1,INPP4A,IRF3,KLK2,MAN1C1,PIN1P1,PRKCE,SLC6A1,SOX15,THBS1,TOP3A,TSPAN2,UBE2I,YWHAQ
ADRBK1,ARHGEF9,BAX,C1QL1,COPA,CTCF,DNMBP,ENTPD4,EPS15,FADS1,IK,IL10RB,INHBA,MIR1908,MSX2,PATZ1,PLCB4,PTPRG,RPGR,RPL14,RPS24,SLC2A4,SRF,TSR2,ZNF195,ZNF354A,ZNF749
AES,ARHGEF2,ARMC6,C1QB,CDK5,EIF2S3,GADD45A,GCN1L1,GCNT1,HSP90AB1,LY6D,MSR1,PECAM1,PHF20,PLCE1,PRMT3,PSMB2,PSMB4,PURA,RNF6,RPLP0,RPS6KA3,SERPINF2,SIK2,SLC17A3,SLC1A6,SMC4,TFAP4,THRA,UGT2B7
ABCC2,ATP5G1,C20orf194,CEL,CYP1A1,DDB1,DDX27,FMO1,GJB5,GLT25D2,GRIK1,GTF2H4,H1FX,NDUFAF1,PLCD1,PMS2P1,PTGDR,RAB14,RPS8,SEC22B,SLC7A4,SNORD38B,SNORD55,TAF6L,TEKT2,TMSB4Y,TUBGCP3,UTP18,VIP
CHN1,COQ7,CSNK2A2,CXCL11,DLEU1,DRD1,FAM214B,GALNT10,HSPB11,IGHG1,IGHG2,IGHG3,IGHG4,IGHM,IGHV4-31,ITIH2,KCNMA1,LOC100506963,LOC730101,MPHOSPH9,PFKL,PLIN3,PSPH,RBMY1A1,RBMY1B,RBMY1D,RBMY1E,RBMY1F,RBMY1J,RBMY3AP,RORC,RPS2,RS1,SMARCD3,SNORA64,TFRC,TPI1,UBXN4,VPRBP,YIPF3
ANXA7,ASCL1,ASGR1,ATP9B,BRWD1,CCDC130,CCL23,CD59,FOXJ3,GIPC1,KRIT1,KRT2,LOR,MAEA,MARCH7,MEA1,MUC2,NF1,NIPBL,NPAS3,NR4A2,R3HDM1,RGS14,RPL37A,SAT1,SOCS3,SSPN,TIMM17A,TK1,TRIM15
AFF2,ANKRD17,ARSF,BRCA1,CD2,CSN1S1,DDX28,DIO3,DLGAP5,DST,FDFT1,HAL,ITPR2,KHDRBS1,LOC100652766,NOP16,NR4A1,NTRK3,OSR2,PIGB,PPIL2,PSIP1,RPL36A,RPL36A-HNRNPH2,RRS1,SF1,SLC2A1,TBC1D4,TESK2,TNK2,WISP1,ZNF23
AGRP,BAMBI,C6orf108,CAD,CCDC28A,CDK2,COPS3,CREB1,CYP17A1,ECHS1,F8,FAM89B,GLG1,HIST1H2AK,KCND3,LOC100653013,LOC100653179,LOC728802,LRIT1,MUC4,NCAN,PAPSS2,PDE4DIP,PIK3R3,PREP,PRPF8,PSME2,RAB3A,SACS,SOCS6,STRAP,UGT2B17,VAPB
ACOX1,ANKRD40,BRDT,CD80,CPQ,CRYGD,CT62,DPM2,EXOSC2,FICD,HSPA2,ISG20,KIAA0146,KYNU,LPCAT3,LRRC41,MET,MNAT1,NR1H3,NUDT1,PEX13,PPP2R3A,PRKAB2,PTGER2,SERPINB13,SLC1A1,SLC5A6,SOD1,TYRO3
ABHD5,ASPH,ATP1A1,BAX,CDH15,CDK6,COG4,DGKG,DRD3,ERBB4,FER,KIAA0355,LRP3,MAZ,MIR1292,NACA,NLRP3,NOP56,NUDT3,OPLAH,PI3,PITPNA,POLR3C,RPS10-NUDT3,RTEL1,SELL,SKIV2L2,SNORD110,SNORD57,SNORD86,SNX27,STAG1,TAF1,TP53
AGFG1,ANGPT1,API5,ATP2A2,BMP6,CAPN1,CCK,CCND1,CHRNA3,DDT,DIDO1,GAGE1,GAGE12B,GAGE12C,GAGE12D,GAGE12E,GAGE12F,GAGE12G,GAGE12H,GAGE12I,GAGE12J,GAGE13,GAGE2A,GAGE2B,GAGE2C,GAGE2D,GAGE2E,GAGE4,GAGE5,GAGE6,GAGE7,GAGE8,ID3,IL11,NCLN,NKX2-5,OBSL1,P2RY6,PET112,PIP4K2B,POLG2,PRPF40A,RPL11,RQCD1,SLC5A4,SMS,SOS1,STX16,TBL3,TREH,ZNF3
ADM,ARHGEF5,CLN3,CREB3,CRKL,CYP3A7,DDX23,DLEU2,FBLN2,FIGF,GJA8,IFNAR1,LRP3,LRPAP1,NCSTN,NEFM,NFATC4,NHLH2,OASL,PIR-FIGF,S1PR1,SHFM1,SLC14A2,SLC4A2,SOCS5,SOX4,SSX2,SSX2B,SSX4,SSX4B,TECR,TIMP2,TRHR,TRIP11
APOL1,CACNG3,CSNK1G2,DLX5,DSC2,E2F4,EIF2AK2,FAM149A,FGF12,HCN4,INSL3,IQGAP2,IRS1,KIR2DL2,KIR2DL4,KIR2DL5A,KIR2DL5B,KIR3DL3,KIR3DS1,LAMP2,LOC100287534,MRPS14,NDRG2,NDUFA5,OLIG2,PCDH17,PROM1,PTK2B,RAB1A,RORA,RPS4Y1,SLC22A1,SLC22A3,SLURP1,TGFBR2,ZBTB7A,ZRSR2
ANKRD28,ATP6V0B,ATXN2,BCR,CDK10,CEACAM4,CRYBB3,DDIT3,DDX3X,DHX16,DOHH,INTS1,IRF5,LOC100130348,LTN1,MATN1,MAX,MMS19,NCF4,NR1D2,RIMBP2,RPS25,SCCPDH,SLC25A14,SNPH,STARD7,SYN1,TAB2,WNT10B,ZBTB25,ZMYND11
AFF3,ALMS1,AMOT,ASPA,ATP8A1,BCL2L11,BRD1,BRS3,CCND2,CD44,CUX1,DNAH7,ESPL1,ETHE1,HBZ,HOXA4,KCNE1,LCAT,LGALS9,NAV3,NR1D2,NUMA1,PMS2P3,PRPF4,SIN3B,SLC28A2,TRAPPC3,TTC22,YLPM1,ZNF148,ZNF33B
AADAC,ARHGDIA,BCLAF1,CCDC57,CFH,CHKB,CST7,GEMIN2,HCG9,HIST1H4A,HIST1H4B,HIST1H4C,HIST1H4D,HIST1H4E,HIST1H4F,HIST1H4H,HIST1H4I,HIST1H4J,HIST1H4K,HIST1H4L,HIST2H4A,HIST2H4B,HIST4H4,IPCEF1,ISLR,KAZN,KIF1B,LOC100506248,LOC728026,MAX,MIR1244-1,MIR1244-2,MIR1244-3,MLL2,PHKA2,PLAUR,PLK3,PTMA,RAB27B,RUVBL1,SAG,SEMA6A,SLC16A7,SRGN,XAF1,YARS
ANKS1A,ANXA5,BAP1,CAMTA2,CDK6,CYB5A,CYTH1,DZIP3,IDS,IL23A,ITGA3,LOC100506720,MAPK10,MGEA5,MYH11,NOTCH2,PCNX,PEX14,RAG1,SFPQ,SNAPC3,TAF12,TAF6L,THAP9-AS1,UPK2,VCX3A,VCY,VCY1B
AIM1,APLNR,ARHGAP6,BECN1,CCNT2,GPC3,GSK3B,GTF2B,IFT20,IGHM,KCNAB2,KIF25,KRT20,LDB2,LIAS,MMP2,MUTYH,NFIX,PHEX,PTGER3,RAE1,RPS18,SAT1,SCG2,SEPT10,TAGLN,TNFRSF25,VGF,ZFR
AIM1,ALDH2,ARRB2,CHKB-CPT1B,COL1A2,CPT1B,CTTN,CYP19A1,DKFZP434A062,EIF3J,FAT2,GNAI2,INADL,JMJD1C,MEIS1,MLLT4-AS1,MTDH,NME3,PCM1,PHF16,RAB22A,RAB4A,RASGRP2,SLC5A1,SNRPE,SPHAR,STK4,TLE3,TOP2B,TRIM32,YIPF4,ZBTB39,ZFPL1
AIMP1,CDH5,CFHR1,CFHR2,COL11A2,CYB561D2,CYP3A4,DTNA,ETV4,FOSB,GATA6,GJA4,GUSB,HIST1H3H,ISG20L2,KCTD20,LPAL2,MASP2,MMACHC,MYH10,NAP1L3,RBM6,RFX3,RPL7,SPDEF,STK17A,TCF3,TSHR,TWISTNB,WSB2
CNP,CYLC2,DCAF11,ERCC1,ESR1,FANCI,FLJ39639,GNA13,IGF1R,IL10RB,KIAA0430,LIN7A,MSH2,NCBP1,NOP14-AS1,PHYH,PPM1D,PRELP,PSD,PTPRM,RRAGB,SLC25A36,SRP19,TCF25,TERF2,THPO,TXLNA,UBE2C,ZNF263
AIMP2,AMFR,ANXA9,AVIL,BMP3,CARD8,CDKN1B,DPY19L1,EIF4G1,EP300,GPR31,KCNMB1,KLRC1,KLRC2,KLRC3,MOG,NCOA4,NFATC3,NPAS2,PCLO,PPEF1,PPFIA1,RAB9A,RRAD,SEC14L1,SGMS1,SLC19A2,TMEM158,TNF,VDAC3,WNT11,YKT6
CAMK2G,CCDC93,CHRNE,DDX11,ECM2,FLT1,FNDC3A,HNRNPC,HUWE1,LOC100506070,LOC100506699,LOC100652761,LOC100653343,LRMP,MNDA,MPPE1,NFASC,NMT1,PCBP2,PEPD,PIK3CD,PIK3R3,PRLR,QPCT,RET,RYBP,SUCLG2,TRAF3IP3,WDR43,WSB1,ZBTB22
AURKAPS1,CD38,CRLF1,FILIP1L,GAB1,GAGE1,GAGE10,GAGE12B,GAGE12C,GAGE12D,GAGE12E,GAGE12F,GAGE12G,GAGE12H,GAGE12I,GAGE12J,GAGE13,GAGE2A,GAGE2B,GAGE2C,GAGE2D,GAGE2E,GAGE4,GAGE5,GAGE6,GAGE7,GAGE8,GPD2,HMOX2,IMMT,INPP5J,MAPK7,MASP1,MGAT5,MYO1C,NLRP1,NR5A1,NRCAM,PRB1,PRKDC,PUM1,RAB3GAP2,RGS20,RPL37,SCO2,SEPT9,SLC22A14,TP53I3,TRIP6,TST
ATP6V1G1,DISC1,EEF2,EPAS1,FETUB,GDI2,GLCE,HUS1,LOC100129973,LOC100506167,LOC100652809,LY9,MEF2C,MRPS12,MYH11,OCM2,PAIP2B,PGM5,PIGA,PLK4,PPFIA4,PSEN1,RAB40C,SLC1A3,SLC35E2,SLC35E2B,ST3GAL4,TERF1,TNFAIP3,TRPC1,TUBGCP2,VAMP5,ZMYND8,ZNF91
ABCC5,ARF3,ARL4D,BFSP1,CACNA1E,CCNC,CHRNB2,ERCC6,GIPR,GRIA1,GSTM1,GSTM2,GSTM4,IDO1,LOC100294145,MEF2C,MSH6,MTFR1,MTX1,NPPB,PARP4,PLEK,PLXNB2,RAD54L,RFC1,SNRPB,SON,TRIM16,TRIM16L,TRIM44,TRIM9,TSPYL5,ZFR
ACSM3,AP2B1,ARPC2,ATXN10,CFTR,CRHR2,CYP2A13,DGKB,DOC2B,DYNC1I2,FARS2,FGF8,GRINA,HOXA2,HSF4,KAT6B,MAFF,PIN4,RABIF,RAC1,RHO,RNF167,RRP7A,SCRIB,SH3BP2,THRB,TM7SF2,UPF2
BCL11A,CHP2,CLDND1,CMAHP,CRP,DCLK1,FRG1,GAS8,GNL1,HAAO,HNRNPH1,IFI44L,IRF7,KIAA0284,LILRA2,LOC100289097,LOC642236,MAGEA11,MED6,PAIP1,PSMA2,PTPRD,REG1P,RNF4,RPL23,RPP14,SNED1,SNORA21,VBP1,YME1L1
ALDH4A1,AOC3,AVPR1A,C5,CLK1,COX4I1,CYHR1,DSCR4,EIF3K,FARP1,FASLG,GABARAPL2,GPR161,GRIN1,JUNB,LASP1,MED14,MMP10,NRL,PARD3,PIK3CA,POMZP3,RHCE,RNF24,RPS6KA1,SMAD2,SPAG9,TBCC,URI1,WDR45L,WFS1,ZP3
ADAM3A,C5orf22,CDHR1,CENPI,DBI,DDX1,EIF2S3,EPHB3,ICAM2,JAK1,LMNB2,MCC,MYO1F,NCOA2,NEK1,NEK3,PPP1R26,PPP2R1B,PTHLH,RGS1,RHCE,SAG,SEC23A,SEPP1,SLC25A6,TSPAN5,ZWINT
ALB,BUB3,CDK4,CDKN1B,CDKN2B,CLCN6,CNIH,EFS,GLI2,GOSR2,H3F3A,H3F3B,KIF1A,MIA,MTMR4,NFKBIA,PCDHA12,PI4KB,PPP1R37,PTPN2,ROBO1,SGPL1,SLC6A11,SNX4,SRSF4,SUMO1,TCF7,TEK,TSTA3,VAT1,VDAC2
ADH7,AKAP17A,AKAP4,AKR1B1,C19orf57,CLDN9,CNP,EEF1A2,EMX1,ENPP2,FOXF1,GHRHR,GNB2L1,HOXB7,KIF11,LHCGR,LOC100289627,LOC100505761,MAP3K9,MECOM,MMP17,NUS1P3,ODC1,PES1,POU2F2,PPP1CB,RAP2C,RIN1,RPS3A,RRAD,SNORD73A,SNORD95,SNORD96A,TTN-AS1
AANAT,ABCC9,ACLY,ANK3,BBS9,BMP6,COL13A1,EDA,EXD2,FAM134C,GALNS,GK,GK2,GK3P,GUSBP3,GUSBP9,HAS2,HDC,HSPA13,IQCK,NADK,NKTR,PCSK1,PNPLA2,PON1,PPP2R2A,RORB,RPL4,SERHL,SERHL2,SLC35D2,SLC6A15,SNORD16,SNORD18A,SNORD18B,SNORD18C,TCOF1,WNK1,YBX1
ACTR1B,AGFG2,ARF6,CCDC22,CHD4,CYP51A1,CYTIP,FZD7,GABARAPL1,GAGE1,GAGE12B,GAGE12C,GAGE12D,GAGE12E,GAGE12F,GAGE12G,GAGE12H,GAGE12I,GAGE12J,GAGE13,GAGE2A,GAGE2B,GAGE2C,GAGE2D,GAGE2E,GAGE4,GAGE5,GAGE6,GAGE7,GAGE8,GINS1,HTR1D,LAMA5,LDLR,LRRD1,MKL1,MVP,MYCNOS,PAX8,RBM25,SON,SUMO4,TBX5,TFDP2,TRIP10,UBE2J1,UMOD,UNC50,USP9X
ARHGEF2,C16orf80,CADM4,CCNE1,COL8A1,DIAPH2,DLGAP2,EDDM3A,ELAC2,FOS,GMPR,IER3,ITGAM,LRRC48,MYBPC1,NPIPL2,PKMYT1,PNMA2,RECQL,RER1,SLC16A5,SNRK,SPAM1,STOML1,STX11,TBXA2R,TM4SF5,TXK,TYK2,UST,VAC14
ACTN1,ALDH3B1,APOC2,APOC4,APOC4-APOC2,BEAN1,CRYGA,CYTH2,ESD,FAM32A,GNS,GTF2H2B,GUSBP3,GUSBP9,HIST1H2BC,HIST1H2BE,HIST1H2BF,HIST1H2BG,HIST1H2BI,HS2ST1,IL15RA,KIDINS220,LOC339524,MYH15,NPHP4,NTS,PDE1A,PTPRC,RAB11FIP5,RPS14,SIGLEC6,SLC7A8,SMA4,SMA5,SMPD1,SRSF2,ZKSCAN4,ZNF136
ABL2,ADCY7,AGL,ATM,C1orf105,CCL7,CNGA3,GLA,GUCY2C,HEPH,HIST2H2AA3,HIST2H2AA4,JAM3,LOC100506403,LPPR4,LY6G6D,LY6G6F,MAGEA3,MAGEA6,MUC6,PPP1CC,PTPN9,RAB13,RTF1,RUNX1,SEC63,ST20,SYNGR3,THY1,TNFAIP1,TSHR,VPS52
ALDH6A1,ANXA1,ATF1,CHST1,DRD2,ELL,FMO2,GRP,IL10RA,IL5RA,INPP4A,LIMK2,LOC100506390,MMP25,MYC,MYCBP,MYCL1,NKTR,PPAP2B,PPIE,PRKD3,RAP1B,RBM42,REL,S100A7,SGCD,TAF9,TFAP2A,ZP2
APC2,APOB,ARHGAP32,BCR,BTBD2,CD8A,CGA,COX17,CTNND2,CYP11B1,FAM149B1,GRIA3,GRM4,HEG1,HNRNPC,LOC100652761,LOC100653343,MERTK,METTL13,MIA-RAB4B,MME,MTRF1L,POLE2,PRR3,PSMF1,RAB4B,RAB4B-EGLN2,RARA,RND2,SLC18A2,SLCO2B1,UBC,ZNF185
ATP2C2,ATP5I,B3GALT4,CACNA1F,CAMK1,CNPY3,CYBB,DUX1,EEF1E1,FLJ39739,GNB2L1,GNS,HAB1,HN1L,HOXA4,HOXC11,IFNA21,JAK1,LOC100289627,MCF2L,MED6,MYBPH,NME1,PCSK2,PCSK7,PHACTR1,PSG9,SNORD95,SNORD96A,TNFSF12,TNFSF12-TNFSF13,TRAPPC6A,ZMIZ1
CALR,COX7C,DDIT4,DDX17,ERH,FBXL14,FDX1,GNAT1,GRINA,HTRA2,INA,ITGA6,LTBP4,METAP2,NCOA2,NIPA2,NOS3,NR4A2,PDHA1,PKN1,PLS3,RSBN1,SMAD4,THBD,TRAM2,UBB,VIL1,WDR7,XPA
AZI1,C6orf106,CCNF,CPT1A,GIP,IL15RA,INPP5K,ITPR2,LAPTM5,MUSK,MYL1,NECAB3,P2RX1,PITX2,PMS2,PMS2CL,PPP3R1,RAB6B,SCAF11,SEC61G,SRR,SUMO1,TEK,TIMELESS,TRAPPC12,URB2,WNT7A,ZBTB5
ACYP1,ADCYAP1R1,BCAT1,CACNA1A,DNAJC6,F13B,FRAT2,GP5,KNTC1,LEPROT,LOC100288974,MATR3,MBL1P,MIR22,MIR22HG,MTHFD1,NBN,NDUFV2,NFIC,POU2F3,SAG,SCN8A,SEMA4F,SHROOM2,SLC24A5,SLC39A7,SLMO1,SMN1,SMN2,SNHG4,SNTB1,STS,WDR47
APOBEC3C,ATP5L,C14orf2,CACTIN,CDK5R1,CETP,CIR1,DIO1,EFNB3,GPD1,ILF3,KLK10,NEDD9,NME1,PLP1,PRKCQ,RAB32,RAMP1,RASSF1,RFX5,RND2,RPL17,RPL17-C18ORF32,RPP14,RUNX2,RXRA,S100A3,SGPL1,THUMPD1,TP53,TRDMT1,UBE2D1
ABCB6,ABCC5,ABI2,ACVR1B,ADAM15,BRD2,CCDC6,CD48,CTNNA1,DPF1,ECI1,FAM69A,GLUD1,GRIA1,HOXD4,IL1RL1,IL5RA,JUP,KRT17,MAGED2,MCF2,MDH2,MIR4800,MXD4,POLR2L,PRPS1,RFPL1,RIMS3,RPL38,SELENBP1,TRIM38
APOBEC1,BMPR1A,C1orf144,CD5,CDK3,CDKN2D,CNOT8,CYP3A7,CYP3A7-CYP3AP1,GRIN2C,GTPBP6,HAT1,HIST1H3A,HIST1H3B,HIST1H3C,HIST1H3D,HIST1H3E,HIST1H3F,HIST1H3G,HIST1H3H,HIST1H3I,HIST1H3J,HLA-DQB1,JRK,KIAA0232,KIAA0284,KSR1,MFNG,NHP2,NQO1,PRKAA1,SGSM3,SST,TEN1-CDK3,TEX28,TRAF3,UGT2B11,UQCRB,WIPF2,ZFX,ZIC1
ACACA,C2orf27A,CBX5,CDKL2,CRK,DCAF7,DNAL4,EFNA2,EPHA3,FAM5B,FBXW11,FEV,FP588,IL10RB,IQCK,LOC100506303,LOC100653149,LOC400879,LY6H,MFGE8,MSANTD3-TMEFF1,PCMT1,PELP1,PKIA,PLAG1,PPIH,PPM1B,PRM1,RNF115,SPINK4,TMEFF1,TMOD1,TRADD
ATP5A1,C15orf39,CBR1,CD81,CDK13,CUL1,DOPEY1,DYNC1I1,ELOVL5,EPHA4,EYA1,FUS,GAGE1,GAGE10,GAGE12B,GAGE12C,GAGE12D,GAGE12E,GAGE12F,GAGE12G,GAGE12H,GAGE12I,GAGE12J,GAGE13,GAGE2A,GAGE2B,GAGE2C,GAGE2D,GAGE2E,GAGE4,GAGE5,GAGE6,GAGE7,GAGE8,KCNB2,NOP2,P2RY14,PAK3,PHF15,PLA2G4A,PPAP2A,PPP5C,PTHLH,PTPRN,RAB1A,SEZ6L,SGCD,SMARCB1,TIAM1,WAS,ZNF780A
AIFM1,ANKRD34C,APOF,BMPR1B,CDH18,DDX19A,DNAH9,FEZ1,FGFR1OP,FLT1,GSTZ1,HAO1,HIST1H4C,HSD3B1,HTR4,KIAA0930,MINPP1,MX2,NR2C1,PCMT1,PHKG1,PPM1G,PRRG1,RAD51AP1,RPS15A,RYR3,TBC1D30,TRO,ZBTB48
APBB2,ATP2B4,CCL17,CD19,CHD3,CYB5B,DMP1,ELMO1,FCHO1,G6PC,GABPB1,GRIN2D,HERC2P2,HERC2P9,HIST1H1T,MAPK1IP1L,MAPKAP1,PEG10,PSG11,PTDSS1,RANBP3,RASGRP1,RASSF7,RCE1,SF3A2,SLC25A24,SLPI,TPD52L1,ZNF273
ACHE,BRD1,CA12,CDK1,CLEC4M,CREB3L2,DTNA,DUSP7,FRMPD4,GATAD1,HLA-DQA1,ISL1,KAT8,KIAA0430,LOC100507718,LOC100509457,MFSD10,N4BP2L2,NOS1AP,PML,PMP2,PPP1R3C,RAB40A,RELA,RGS9,SAFB2,SDC3,SLC7A7,TRPM2,TSSK2,UBE2S,ZEB2
ABLIM3,AGA,ARID4B,ATAD2B,ATP5C1,BCKDHB,CBLB,CCNC,CEL,CELP,CHD8,CLPS,CTNNBIP1,EHMT2,GABRA2,GPR20,IDUA,LILRA1,MBTPS1,MYH3,NCK2,PAX3,PEBP1,PHF2,POLE,PSMA2,RBM34,SLC5A12,TGM5,USP7
ADCY10,AQP9,BLZF1,BTF3,CASR,CRCP,DDX49,EIF2S2,FAM190B,FSCN2,FST,GTF3C1,HRAS,IREB2,KAZN,MYO9B,NPR3,OR2B6,PI15,PPM1A,PPP6C,PTGER3,SPAST,SPTBN1,STAT2,T,TAC1,TMED10,ZNF266
ACP1,ATP1B2,CDK20,CLDN8,DAP,EEF1G,ELK3,FAM168B,FRY,GALK1,GGPS1,GPR50,HSDL2,KEL,MAPK3,MAPT,MIR3654,NRXN1,PDLIM5,PSMD6,PTPN12,RQCD1,SF3B2,SIK3,SLC6A8,STK38,STMN2,TMPRSS6,TRIM25,ZHX3,ZNRF4
ACHE,ALDOB,AQP8,ATXN3,AXIN1,CACNB2,CD40,DEFA4,FAIM3,GPR18,H3F3A,H3F3AP4,H3F3B,HHEX,HLA-G,HSPB2,MED6,MRPS12,OASL,PMS2,PMS2CL,PPARD,RAP2A,RAP2B,RSL1D1,SEPT4,SNX29,SOCS2,TFAP2A,TNNT1,USF2,ZMPSTE24
ACSL4,ARID1A,CD160,CDC5L,CRISP1,EAPP,ERI2,FGF3,FLRT1,GNB1,HMGN3,IFRD1,IRF2BP1,JPH3,JRKL,MAPK8IP2,MED24,NFATC4,NFRKB,ORM1,ORM2,PAGE1,SERBP1,SLC16A2,SMG7,SNRPG,TF,TNKS,USP33,WT1-AS
ATP6V0D1,B4GALT6,CDC27,CDS2,COL19A1,CYB5R3,DIS3,FTSJD2,HIST1H4A,HIST1H4B,HIST1H4C,HIST1H4D,HIST1H4E,HIST1H4F,HIST1H4H,HIST1H4I,HIST1H4J,HIST1H4K,HIST1H4L,HIST2H4A,HIST2H4B,HIST4H4,HSD3B2,LIN37,MAST3,MIPEP,MSL1,NAALADL1,NCBP2,NKX2-8,NXPH4,PCGF1,RHO,SDCBP,SEC13,SEL1L,SYNE1,TMEM106C,TUBB4B,VAT1,ZC3H11A,ZNF804A,ZPBP
ALB,ANGEL2,ARFGEF2,ATP6V1A,CNR2,COX8A,CRABP2,CSH1,CSH2,CTRL,EGR1,EXTL3,GPAA1,LOC100506403,MECP2,MTHFS,ODC1,POM121L9P,RCBTB2,RUNX1,RYK,SH2D2A,SP100,SP2,ST20,ST20-MTHFS,STX16,TBR1,TRBC1,UBA7,ZNF516,ZNF549,ZNF79
AMPD3,CEACAM5,COASY,COL4A1,CYP4A11,DECR1,DHX8,DYNC1H1,GAL,GMDS,INPP5F,KANK3,MAGEA10-MAGEA5,MAGEA5,MAP2K7,MYOZ3,NPPA,PRKD1,PTGER3,RPL13,SEC24C,SIX3,SLC9A6,SRPK3,SSFA2,TGFB2,TRIM3,TUBB7P
ABCC10,AIF1,ATG13,BUD31,CCR9,CLCA1,CYP1A1,DNTT,EXOG,GLOD4,HSF2BP,HTR2A,HTR6,IRF4,KIAA0556,LOC100287705,MAP3K3,MRPS31,NPC1,NUP210,PAEP,PKMYT1,PTN,RPL10,SCNN1G,SIAH1,SLC25A44,ST3GAL1,TECPR2,UBFD1,ZNF259,ZNF467
ADH6,AVPR2,C1D,CACNB1,CASP8,CCNO,CSRP3,CYP3A4,ERC1,ERICH1,FAM5C,FKBP2,GNAT1,GRM5,IL4,LILRA3,LOC100653070,MR1,MRPS18B,MYCL1,NOS2,P2RY10,PARP1,SEC23IP,SLC17A2,TAF5,TCEAL1,TCF3,TRAF2,UBE2D3,VGLL1,XRCC6
ACOX2,ACTN4,CDK11A,CLK1,CRYBB2,CSN3,CYP2A7,DGKQ,FAAH,ISCU,KIAA0368,KXD1,LAMC2,PIBF1,POU3F2,PPRC1,PRKCE,PTH2R,RPL30,RRAGA,SFRP4,SLITRK5,SPTLC2,SSX2,SSX2B,SURF1,TNFRSF10B,TPD52
ACR,AZGP1,BTF3P11,CDC6,CDKL1,COL4A2,CSTF2,DSTNP2,EXOSC7,GRIN2B,HMGCS1,HSPA1L,IFNA14,KRT32,LCP2,MED1,MST1,MST1P2,MST1P9,NKRF,NPAS2,PEX19,PNLIP,RBM17,RELA,RLF,RPE65,SOS2,STX16,UBE2A,ZNF8
61E3.4,ADRA2A,AFP,CNOT3,DNASE1L1,ETV6,FCGR2A,FCGR2B,FCGR2C,GUCA1A,HPCA,IPO5,KATNB1,LOC100132247,LOC100288332,LOC100506193,LOC100507607,LOC100652992,LOC399491,LOC595101,LOC613037,LOC642778,LOC642799,LOC728734,LOC728888,LSM14A,MAD2L1,MCM3,NAT1,NPIP,NPIPL3,OSBPL8,PABPC1,PDXDC2P,PKD1P1,PPP1R1A,RALGPS1,RPUSD2,SETD2,SOX2,STK16,TH,TTLL4
AATK,ABCA2,AHSA1,ARF1,ATF6B,ATP6V1H,C1orf216,CHMP2B,COL6A1,GLUD2,HIST1H3A,HIST1H3B,HIST1H3C,HIST1H3D,HIST1H3E,HIST1H3F,HIST1H3G,HIST1H3H,HIST1H3I,HIST1H3J,HN1L,IL11RA,MAD2L1,MBNL1,MIR3620,MPP2,MYL1,PRDX1,PYROXD1,RFXAP,SIAH2,SLA,SLC9A1,SMARCA4,SOCS1,TAF12,TRANK1,TTTY1,TTTY1B
AQP1,ARG1,ARHGAP1,BLVRA,BPHL,C11orf41,C1orf68,CARS,CDKL1,FAM50A,FYB,GYS1,HNRNPA3,IL12RB1,INHA,KCNMA1,MAGEA12,NONO,PDYN,PKD2,PPP2R5E,RNF44,RNH1,STATH,STX1A,TIAL1,YIPF1
AP1B1,BTRC,CALM1,CALM2,CALM3,CDK11A,CDK11B,CLGN,CTAG2,DSTN,E2F4,EIF4G1,ETV5,FKBP8,HES2,IGFBP5,JAK3,LOC339166,NAP1L1,PCDHB17,RHCE,SEPT11,SOX30,STK39,VPS13B,WRB,WSCD1,XPC
ANXA10,ATG2A,ATXN10,CEP68,EPOR,GCK,ICAM4,IL3,IL33,KIAA0284,MYOG,NCKAP1L,NR0B1,NUDCD3,PCBP4,PSMB5,PTK6,RGS12,RIPK2,RPS26,STAU2,THSD7A,TK1,TPSAB1,TPSB2,YTHDF3,ZC3H7B,ZNF592
ADAM22,ARHGAP19,BCL10,CACNA1D,CASP2,CUL9,CYR61,DAZL,DOM3Z,EIF3F,GFER,HRC,IP6K1,KLF12,POU4F2,PPP1R3D,RBMXL2,SCAMP5,SLIT1,SLMO1,SMURF1,SSR1,SYNM,SYT17,TCERG1,TLR6,U2AF2,USP6
ATM,BSCL2,CNNM2,COLQ,DSG3,FAS,FPR2,GAPDH,HNRNPUL2-BSCL2,HSF1,IFNA1,KCNC1,LOC100653042,MADCAM1,MAP2,ME2,MEG3,MGAT3,MSL3,N4BP2L1,NPEPPS,PLCL2,RIBC2,RPS20,SIVA1,SNORD54,SULT2B1,TMPRSS15
ATP11A,C3orf62,CDC42EP2,CDKN1C,CFHR3,CSNK2A1,CSNK2A1P,CST6,DEPDC5,HP,HSBP1,HTR2A,KHSRP,LSM7,LTA,MIR4271,NPC1,NT5C2,PDE3A,PEX5,POLR2I,POM121,PRPF31,PVRL2,RHBDD3,SAMD14,SBF1,SUZ12,TUBG1,USP4
ABCB4,ARTN,CDON,COL1A1,COX6A1,DISC1,FAM107A,FRY,ITGA4,JUN,LAMP2,LDB3,LOC100506924,LUM,MET,MORC3,MRPL3,NFE2L3,NMBR,PARP3,PRKCB,PSG1,PSMD9,PURA,RPL31,TBC1D30,TSNAX-DISC1
BMP8A,CAMK2G,CDRT1,CRY1,CSNK1A1,DDX17,ETS1,FUT4,GDF11,GPLD1,GPR4,GPRIN2,GRIN2A,HAUS5,JUND,METTL3,PAK3,PARK2,PDIA5,PDS5A,PLEKHO2,RIPK1,SH2B3,TRIM16,VPS45,WDR45,ZNF10
AP1S2,ARAF,ARHGAP35,COL1A2,CPEB3,DAP3,DOCK10,GPS2,HLA-E,IFT27,KIAA0391,KRT7,LIG3,MKNK2,NEK1,PCDH9,PFDN6,PHC2,PPP1R16B,PPP1R2P9,PPP6R2,SLITRK3,THRA,TNRC6B,ZBTB40,ZNF85
CCL5,CLASP1,CTSO,DNASE1L2,F9,GAPVD1,GCDH,GLB1,NACAD,NR2C1,PDE4A,PMAIP1,PPARA,PPWD1,PVR,ROCK1,RRP1B,SAA4,SLC9A8,SNRNP200,SORBS2,SRD5A2,TAB1,TBX1,TFDP2,ZNF330
ADAM18,AFF2,ATP5O,BCKDHB,CPVL,DIXDC1,DLST,DPYS,ERBB4,ERLIN2,FAM178A,FAM193A,GML,HIST1H2AG,HIST1H2AH,HIST1H2AI,HIST1H2AK,HIST1H2AL,HIST1H2AM,MYL7,NCAM1,NOTCH4,PIK3CD,POGZ,RARRES3,RBBP6,SLC16A4,TNFAIP2,TRAF3IP1,ZNF143
ATXN7L3B,CDK16,COL6A2,CTSZ,DAO,DMC1,E2F4,E2F6,FAM189A2,KCNA6,KIAA0040,KRT31,LRIG2,MAP3K11,METTL1,MS4A3,MYH7,NOL4,NOX1,PAEP,PIK3CG,RAB9BP1,SLC17A1,STRA13,TP53TG1,WDHD1
AGTPBP1,CHTOP,COG7,CTAG1A,CTAG1B,CYP2C18,DPH3P1,DYNC1LI2,FBLN1,GOSR2,HBP1,HSP90AB1,IDH3B,ING2,LOC100506403,MAN2A1,NEK2,PDAP1,PTGER4,RPL10A,RUNX1,SCNN1B,SENP3,SERINC1,SF3A2,SLC12A5,TCFL5,TCTN3,TMED3
ABCD1,C1orf61,CDKN1B,COIL,CRTAM,DDIT4,DEAF1,EXT1,GFRA1,GFRA2,GPR3,GPR45,IFIH1,KRT33B,LGI1,LOC100506639,MAZ,PAFAH2,PAX5,PDE1B,PLCB4,PRKCQ,RAF1,RIMS2,RPS10,ZBTB22,ZFP161,ZNF131
ADRA1D,ALDH3A1,ARL17A,ARL17B,BAGE,C16orf3,CCNA1,CEP135,DAXX,DHCR7,DSCAM,EMP1,ENPP4,EVX1,GRK1,INPP1,KIAA0494,LOC100294341,LOC100506162,LOC100653329,LOC642424,MAP3K14,NPTXR,NUP214,PDCD2,RAPGEF3,RB1,SYNJ2,USP6NL,YBX1
CALCB,CARD10,CEP164,EIF5B,HLF,HSD11B2,INVS,KAT8,KIAA0753,KPNA6,LOC100506403,LOC100652828,LOC100653335,MBTPS2,MMD,MUC5AC,MYC,MYO5A,RPL12,RUNX1,SDC2,TNP2,TROAP,TSPAN7,TUBGCP4,WNT8B,WSCD2
ABCC1,ACD,CD96,CTNNA2,CTNNB1,EIF4A2,ENDOU,GPA33,HMMR,HSPA8,IL4,IZUMO4,MAP7,MIR1248,MLF2,MTUS2,NUP214,PTPN1,RASGRF1,SEMA3E,SFMBT1,SLC25A20,SMAD9,SNORA4,SNORA63,SNORA81,SNORD14C,SNORD14D,SNORD2,TPGS2,UBA2,YY1
ARHGAP33,CLIP2,CPN1,DNAJA2,GAK,GBA,HOXC6,IFNG,KLRC4-KLRK1,KLRK1,LOC100272228,MMP19,MR1,MRPL40,NEFL,NFIB,OXA1L,PLXNA2,POLA2,RCAN1,SKIL,ST8SIA4,TBCE,TCF20,TDP2,TMEM183A,TMEM183B
ADARB1,AKAP17A,BCAS2,BIVM-ERCC5,BTF3,BZRAP1,CDSN,CHEK1,CMKLR1,DOT1L,ECM2,ERCC5,ERG,FLG,GCM1,HOXA1,MAPK11,NVL,POU6F1,PPP2R5C,RARB,RFXANK,TMX1,TNNI1,TUBB4B,UBC,ZBTB33,ZNF253
AFM,BMP1,CARM1,DDX28,DKFZP586I1420,DOT1L,ELANE,GTF2H2,GTF2H2B,GTF2H2C,GTF2H2D,HIST2H2AA3,HIST2H2AA4,IQCB1,IRF5,ISG15,KIAA0913,NDUFS1,PEX1,PPFIA2,PSMB10,RBM3,RNF103,RPL23A,RPL27,SLC7A11,SMPD1,SNORD4A,SRP19,SZT2,TRH,ZRSR1,ZRSR2
ANXA11,APOBEC3B,BCAP29,BCAP31,CAMK1G,CDC7,CDH6,CDK16,CGRRF1,CTRL,CXCR7,ESRRG,HIST1H2AC,HSPA8,IGHA1,IGHG1,IGHM,IGHV3-23,IGHV4-31,ITSN2,LTBR,MLL,MPHOSPH9,MYH8,POM121L2,SH2B2,SIM2,SNORD14C,SNORD14D,TACR3,WEE1
AASS,ANKRD1,ATP2B3,CDK5R1,CLINT1,CYP3A7,CYP3A7-CYP3AP1,EEA1,FNBP1,FXYD1,GPD2,HIST1H2AG,HIST1H2AH,HIST1H2AI,HIST1H2AK,HIST1H2AL,HIST1H2AM,IGFBP5,KIAA1033,MAP2K6,ORC2,PPAT,PRH1,PRH1-PRR4,PRH2,PRR4,SIKE1,SMG6,ST20,TAF2,TSPAN6,UBE3B,UTP14C,WBP2,ZNF91
ARIH2,EFNA5,ETFA,FBXW4P1,FLAD1,FRMPD4,FZR1,GNAO1,GRK5,GSTA1,GSTA2,HERC3,HOXA11,HSF1,IGFBP4,IHH,LYRM1,MAP3K11,MMP25,NDUFV2,NPC2,PAK2,RNPS1,SSB,TSPYL1,U2AF2,USP9X
AATF,ACACB,ATN1,CASP1,CCL27,CNTFR,CNTNAP2,FKBP15,FNBP4,GIGYF2,KBTBD2,KIAA0513,LILRP2,NPAS1,NPHS1,RABEP1,RAMP2,SMG5,SRSF6,TCTA,TIPRL,TMED1,TSC22D2,XRCC5
ACVR1B,ALOX12B,ARHGEF11,ATXN7L3B,BID,ELL2,EXOG,FAM13C,HPS1,HTT,IMPA1,IQSEC3,LOC100653339,LRRN2,LSM7,LYPLA2,MBOAT7,NAGLU,NBR2,NDEL1,NFRKB,PFKFB1,PML,REV3L,UBE2N,ZNF32
ATF3,ATP2A2,C8G,CCL16,CDK13,CYP2B7P1,IFITM1,IFNA16,IRF8,KIAA1009,KIAA1024,MSI1,MTR,NUPL2,PICK1,PRMT1,PTPRB,RFC3,RPP30,RPS20,SCYL3,SFT2D2,SLC35A1,SNORD54,SPA17,TENC1,ZNF20,ZNF625-ZNF20
BRCA2,CCDC9,CDC25A,CHMP7,FCER2,GATC,GSK3A,HCG4B,HYAL3,ITPA,LIG3,LLGL1,MBD4,MINOS1P1,MNAT1,NFASC,PDS5B,REEP5,RFPL3-AS1,SLC6A2,SRSF10,SRSF9,SV2A,TBX10,TRAF3IP2,TUSC3
ADTRP,ARL6IP1,BLNK,CDC40,CENPE,CHMP7,CYP2E1,DIEXF,E2F3,EXOSC9,GNAT2,KIF22,MANBA,NAMPT,NEFH,NPRL3,PDX1,PLA2R1,PRDM2,SLIT3,STIL,TCEB3,TUB,UGT2B15,WISP3
AP2A2,APBB2,CA2,CDK1,CHRNB1,CIAO1,CNTRL,DOK1,DPYD,DUSP1,GALNTL4,GJC1,GSTM3,LAIR2,LNPEP,MIR3658,MPDZ,NFIX,PLK1,PSMC1,SLC26A10,SRRD,TMBIM6,UCK2,ZNF193,ZNF205,ZNF253
ABCC8,ACVR1B,ADCYAP1,ATRN,CASP2,CHI3L2,CNGB1,CXCR5,ERCC2,FLNA,GNAQ,GSTT2,GSTT2B,JUN,KCNAB2,LEP,MAP2K2,MMP23A,MMP23B,PINK1,SDR39U1,SNX2,SPHK2,SULT2A1,TAF6,TSPAN31,TYROBP,WHSC1,ZNF208
ABO,ALDH3B2,BRAF,BSG,C1orf63,CHI3L1,CTRC,E2F4,FGF12,IL13RA2,INPP4A,KCNH1,MIF,MYB,NCAM1,NR2C1,PAX2,PDIA2,PTPRR,RGS13,RPP40,SBF1,SIRPA,SLC12A4,SLC7A2,TUBGCP4,WWP2
ACTG2,CBFA2T3,CDC45,DMXL2,DOC2A,FABP6,KDM6A,KIAA0922,LOC100288602,MPP3,NCAM1,NFATC2IP,NLE1,PEX10,PHOX2B,PPIA,RNASEH2A,SIK1,SLC38A6,SPRR2D,STARD5,STX7,TNFSF9,TOP2A,TP53I11,ULK1,WNT11
ATP4A,ATXN7,CCNH,CDK5,CRK,DDT,DHRS1,DKK4,ELK1,FRK,GLUD1,GP1BB,KCNH2,KRT1,PKMYT1,PLAGL1,PTPN13,RNF216,RSL1D1,SEPT5,SEPT5-GP1BB,SLC23A2,SRP9,TLE4,TLR5,UBR4,USP13,ZXDA,ZXDB
ADD2,ADORA3,BAG5,CEP57,CLUAP1,FAS,GRPEL1,HDGFRP3,HLA-F,LHX1,MFN2,MYL4,NXPH3,P2RY1,PDAP1,PPIP5K1,PRCP,RHCE,SLC14A1,SNAI2,SNX19,SPRR2C,TARS,TMBIM6,TNNT2
AKAP13,ALDH4A1,AP3S2,C15orf38-AP3S2,COPE,EGF,FMO6P,GALNT1,GATM,GPKOW,HNF4A,IKZF1,INPP4B,KLF12,ME1,NACA,NDUFB1,NR2E1,OR2H2,PDGFRA,PRPSAP2,RBM5,RNASE1,SND1-IT1,TP53,TUSC2,WDR77,ZFYVE26
ATIC,BRMS1,C18orf25,CCNE1,CPB2,CTSO,FAM114A1,GAD2,GFRA2,GNS,GRM2,GTF2H3,IFNA6,LEFTY1,LOC100506060,LOC100506830,OSMR,PIK3R2,PYGL,RIF1,SERPINA7,SH3BP1,SKIL,SMG1,STAT1,STEAP1,UQCRC1
ABCC1,ACSL1,CLCN3,CTSF,CYP2J2,CYP4A11,DDR1,DUS4L,EDA,EFNA3,FADS1,G3BP2,HLF,KCNJ2,KLK1,KRT13,LAG3,MIR1908,MIR4640,OPRD1,PCNT,RAD54L2,RBFOX2,RBM6,SNX13,TMEM106C,ZNF460,ZNF529
ATP5G2,BRCA2,C16orf80,CD226,CYP1A1,CYP2A6,FKBP1A,GCGR,GNA11,GPSM3,KIR2DL1,KIR2DL2,KIR2DL3,KIR2DL4,KIR2DL5A,KIR2DL5B,KIR3DL3,KIR3DS1,LOC100287534,LOC100653050,NR3C1,NRCAM,RNF40,SCAF11,SGCA,SNRPB,SRSF3,TFE3,TLN2,TMEM110,TNFRSF10C,TRPA1,ZNF117,ZNF384
ADORA2A,APBA2,CELF2,CYP2F1,DDR1,DDX19B,EEF1D,ELAVL1,GIF,HIST2H2BE,HMX1,LIMK1,MAPRE2,MED21,MIR4640,PARN,PCDHA9,PDC,PRKCB,SART1,SMAD6,ST6GAL1,TEP1,TMSB15A,TMSB15B,TRIM10,UBE2G1
ABL1,ARPC3,ATF7,BMP2K,CASP9,CBY1,CST6,DNTTIP2,DSG2,HNF4A,ING2,KCTD7,MAPT,NAB2,NAT8,NAT8B,NCF4,NPY2R,PIK3R1,RABGEF1,RAP2B,SERINC3,SLC6A6,TNKS,ZZEF1
AGT,ASTN1,AVPR1B,CLDN5,FCN1,FKBP4,GABPA,HEXA,HGS,IL18R1,JMJD6,LILRB1,MYO1A,NR4A3,NUDT21,OCRL,PML,PTPRU,RABEP1,RPGRIP1,SDHC,SYCP1,TMEM131,VDR
ARCN1,BCL7B,CDR1,COL11A2,CYP19A1,DKFZP434C153,HCG26,HDHD1,HESX1,MAP3K4,MAU2,MNT,P4HB,PCMT1,PEG3,PEX11A,PSMD11,RPS27A,SOS2,SPARCL1,SPTBN1,STX10,TROVE2,UGT2B15,ZKSCAN5,ZNF507
AQP2,BCR,C3orf32,CAPNS1,CCNT2,FBXO7,FLII,GATA1,GPR6,KLK13,LOC100131434,MACF1,MAGEA8,MVK,NFATC4,PIWIL1,PKIG,RQCD1,SREBF1,UBXN8,ZIC3,ZNF146
ARHGAP1,CDH12,CYP4B1,EIF1,EIF5A,ERC2-IT1,ERCC4,GNAQ,HSPA4,IRX3,KISS1,LAGE3,LARP1,MAP3K9,MYO9B,NFATC3,OFD1,PRDX2,PSMD5,RDH11,RELN,TCOF1,TRIM52,ZNF142,ZNF22,ZNF81,ZNHIT3
AHCYL1,APAF1,ARHGEF1,ATP6V0A1,BAX,BCKDHA,BLK,CEBPZ,EFCAB11,ERP29,FAM75C2,GNB3,GRM5,GTF2A1,JAKMIP2,MRPL33,MYH2,MYH4,OCEL1,PKLR,PRKAR2A,PSMB6,RAB4A,SHMT2,SIKE1,SIPA1L1,SOAT2,SPHAR
ABCC5,ACTR2,AHSG,ASB4,ATP5D,B3GALT5,CCL23,CFP,DYNC1I1,ENPEP,FGFR1OP,GJA5,MDM2,MET,MYH11,PITRM1,POP4,PRKACA,RASL10A,RFC5,RPP38,SLC15A2,SLCO1B1,TSPO,WNT6,ZDHHC3
ABCD2,ALG8,ARHGAP1,BRF1,CENPC1,CSNK1G2,EFNA2,EPHA5,GLS,GSTO1,KIAA0182,KIF3C,KLF11,LTB,MGAM,PAX7,PFDN1,PKP4,PLA2G15,PRLR,PRODH2,PRPF4B,RMND5A,SLC6A8,TGIF2,UBA1,ZNF271
AAK1,ACADM,ARG2,ATPAF2,BLCAP,CBX3,CCDC86,CYP17A1,DCTN5,F2RL2,FBLN5,HMGA2,LOC100131825,MAOB,MYBPC1,NSUN5P1,NSUN5P2,PDIA6,RER1,RPS9,RUFY3,SLC5A2,TOP2A,UPK3A,ZNF140
ATN1,CACNA1B,CAV2,CD68,CDK8,CHGB,COX7B,CTAGE5,FAM98A,GH2,GLI3,IQSEC2,KHK,NF1,NUP50,PIK3R2,PPBP,PTPN7,PTPRN,SIK3,SPIB,THAP3,WAS,ZNF7
ABCB1,ABCB4,ADRBK2,ASMTL,C16orf45,CCT3,CCT5,CLK3,COL15A1,COL2A1,COMP,CSDC2,CTNNA1,CXorf1,CYP2A13,EIF6,GJA9-MYCBP,KDM5A,KIFC1,MAGEA2,MAGEA2B,MYCBP,NRAS,P4HB,PDCD6,RPL23,SETBP1,TULP2,ZEB1,ZFR
ACADVL,AGAP1,ARHGEF12,CELF1,DUSP11,EFNB1,EVI2B,FAM169A,HIST1H1A,HIST1H4A,HIST1H4B,HIST1H4C,HIST1H4D,HIST1H4E,HIST1H4F,HIST1H4H,HIST1H4I,HIST1H4J,HIST1H4K,HIST1H4L,HIST2H4A,HIST2H4B,HIST4H4,INHBC,MAGEA4,NEFL,NR3C1,OPHN1,PDZK1,PRSS12,RNFT2,SCAMP1,SLC11A1,SPON1,TEC,TESK1,TTC3,TTC3P1,UGT2B17,YME1L1,ZNF238
ABCA1,ADCY1,C1orf95,CEACAM3,DDX5,FOXE1,HLA-DRA,HSF2,IGFBP5,KLHL20,KPNA4,LMX1B,LTK,MFSD5,NFKB2,NTRK3,PLEC,PPIE,PTPRJ,PTPRS,SF1,SH2D1A,SOX1,STK3,USP9Y,WT1,YME1L1
ATF4,CCNG2,CNPY2,DGKE,EFNB1,FBN2,GDI2,HIST1H2AG,HIST1H2AH,HIST1H2AI,HIST1H2AK,HIST1H2AL,HIST1H2AM,HOXD9,ITGA2B,KCNG1,KLRAP1,LINC00599,LRP5,MIR124-1,MYBPC2,NCAM2,NDUFAF3,PIAS2,PIP4K2A,POP7,PRPS2,SMO,TOR1B,USP15,WWOX
ACAP2,ARNT2,CD1D,COX6B1,E2F2,EPHB1,ERCC4,FOXG1,GTF2I,GTF2IP1,ITGB1BP1,KLHL35,LOC100093631,LOC100505991,MAU2,MICAL2,MRPL23,NAAA,PHB,PIGC,POLR3D,RMND5B,SHH,SPINLW1,SPINLW1-WFDC6,STOML2,TCAP,TMPRSS11D,TRAPPC10,TRIM31,WFDC8
AKR1C4,ALPPL2,ANXA4,COCH,COL21A1,CROT,CTSG,CYB5R1,EBP,EFNB1,EIF3E,FLT3,HAX1,HLTF,HNRNPF,LDB3,MYH11,MYL4,PTPN1,SKP2,SNAP25,SULT1B1,TOMM34,TXLNG2P,UGT8,ZNF711
AKR1A1,ARMC8,BCR,C1orf9,CASP8,CBR3,CD160,CRYGC,CTGF,CTSG,DPT,DRG2,GHITM,GPLD1,GREB1,GUCY1A2,HSP90AB1,KDM5B,MAPT,MS4A1,MYLPF,PDE10A,STK25,TFIP11,ZNF174
ARF5,BTN3A2,CD40,E2F1,EIF3C,EIF3CL,ELN,ERCC1,GPR17,LOC100652805,LOC100653302,LRRC23,MMP16,MRPL33,MYL9,NGF,NPM3,NR4A3,NUP210,PGK1,PIK3CD,PLP2,PRPH,PTPN21,SECISBP2L,SHOX,ST3GAL1,TBX1,TLR6,ZBTB25
ADAMTSL2,AGAP10,AGAP11,AGAP4,AGAP5,AGAP6,AGAP7,AGAP8,AGAP9,ARHGAP22,BMS1P5,CLOCK,CSF2RB,DNAJC11,DOCK2,DUSP3,ECE2,EFNB2,GSTA1,GSTA2,GSTA3,IFNA5,IGHA1,LOC399753,LSM2,MED21,MIR483,PINK1-AS,PPP1R10,PSMD9,RAD52,RPL8,SNX17,SYNPO2L,TERF1
ADA,ANK1,ASB1,ASF1A,ATF5,BCL2L2-PABPN1,CLEC11A,COX11,DSTYK,ERG,FAM76A,FEM1C,GALR3,GYPB,IFNGR1,LSM6,MAST1,MFAP3,NFKB1,ODF2,PABPN1,PCDHB11,PPP3CB,SLC19A1,SSTR5,TOR1A,ZFHX2
ADAM10,CALM1,CALM2,CALM3,CEACAM8,DYRK2,FGF18,FOXO4,HNRPDL,IGSF1,KIR2DL1,KIR2DL2,KIR2DL3,KIR2DL4,KIR2DL5A,KIR2DL5B,KIR2DS5,KIR3DL1,KIR3DL2,KIR3DL3,KIR3DS1,KITLG,KRTAP26-1,LOC100287534,LOC100653050,LOC727787,MAGEA1,MAN1A1,NR4A3,PDLIM7,RAD52,RBFOX2,SCGB2A2,SNRK,SRSF3,STX11,TIMM17A,TRADD,VWF,YAP1,ZNF443,ZNF799
ATP6V1G2,CADM4,CCL21,CDH8,CYP3A5,DCK,DDX51,DYRK3,GPR182,LHX2,MAPT,MMP8,NDRG4,PPP3CB,PTCH1,PTGES,RAB11FIP3,RAB7L1,SACM1L,SLC12A1,SMARCA5,TRRAP,VPS45,YY1,ZFP36L2
ADNP2,ATP10B,BFSP2,CIAPIN1,CSF2RA,FUT9,GNB2L1,HAGH,IFRD2,INE1,ITGB3,MET,NAPA,NOS1,NR2F6,NSDHL,PARD6B,PEX6,PHF20,PRKY,SEC61A1,SLC25A17,SPC25,ZNF45
AMELX,ASMT,BCKDK,BCR,BICD1,CEBPZ,CHAF1B,CTNS,FAM179B,FOXH1,IGFBP5,MAN2B1,MAPK9,MPP2,MRS2,MYL12A,NKX3-2,PRDM2,PRKAA2,RB1CC1,SNRNP27,TLR2,ZNF428
CCKAR,CDX2,CORO1A,CPA1,EMX2,ERVH-6,GLRA3,GSS,HNRNPK,HPGDS,IL5,KRR1,MIR7-1,NDUFB3,OLIG2,POU3F4,PROC,SERPINF1,SKIL,SLC15A1,SYNGR4,TACR2,TELO2,TFAP2B,VAPA,ZMYND8
ABI2,ADAM7,ADO,ADRA1A,BZW1,CDK5R1,EIF4H,HIST1H2BM,HTN3,HTR7,IGBP1,KLK8,KLRC4,KLRC4-KLRK1,LHX2,MAPKAPK5,NCR1,PDAP1,PFAS,PXN,RBMXL2,RBP3,RRM2,SNCB,SNX29P2,SOSTDC1,STK38,TOMM40,YLPM1
ARSD,CBLB,CEBPG,CLDN9,CYCS,CYP3A5,DHRS2,EPX,HTR4,IL9R,LARP7,MUC5AC,MYBPC1,NF1,PLCG1,PPP3CC,PRB4,RAB5B,RAPGEF3,RAPGEF4,RASSF9,RELA,SLC25A3,SLC2A2,STAM2,TEF,TYR,WIZ
ABTB2,ACTR2,ALDH1L1,CCL5,CRYAA,DENND3,GBX2,GPR3,HCFC1,HIST1H2BJ,JMJD6,L3MBTL1,MOS,MYOD1,NR1I2,NTN3,ONECUT2,PRAF2,PRKCA,RAMP3,RBL2,SCN4A,SLC16A3,SOCS6,ST8SIA3,TBCB,ZNF184
ACTL6A,ACVRL1,ATRX,CRABP2,CYP2C19,EPN2,FBXO28,GOSR1,HOXC4,IGFBP4,LIPT1,MAPK14,MAPKAPK3,MMP3,PDGFRA,PTPRN2,RPS11,SATB2,SNAPC1,SOX11,SRP72,STK38,TERF1,TP53BP2,TSPO2
CCNI,CHN2,CLK2,CTSL2,DMXL1,ITGA2B,ITGA6,LOC100507331,MAD1L1,MPV17,MYBPC3,NOL3,NUP93,PRRC1,PRSS23,PRSS3,RHEB,SELPLG,SLCO3A1,SMARCD1,SMC3,TTTY15,TWF1,UNC5B,ZAP70,ZNF37A
ABLIM1,AKAP6,AVPR1B,CA12,CDK18,CR1,DYNC2LI1,EIF2A,FGF13,ICOS,MED13L,MPHOSPH6,NEMF,NTSR1,PPP2R1A,RARB,RBM39,RGR,RIOK3,RSRC2,SLC6A5,SRRM2,STARD3,TMEM115,VAPB,VDAC1
ADH1A,ATM,ATP2A1,BCL6,C2,CD180,COL9A2,DCT,DLGAP4,DNA2,FHIT,GPR176,HIST1H2BK,HRG,IL1B,LDHC,NEU1,NNT,RAD51,RPL19,SCAPER,SLC15A2,SRRT,TIAL1,TMEM66,VCAN,WBSCR22
ADAM12,AIRE,ANO3,ASPHD1,ATG4A,BAK1,CLC,CR2,CTPS1,CUL5,F2RL1,FXR2,KIAA0195,NQO2,NUPR1,ORC4,OS9,PPIF,RGS19,SETX,SNRNP35,UNC93A,UPF1,ZNF646,ZNF80
AARS,ADAM17,ANXA6,BCR,COL19A1,DNM1L,GTPBP1,HMGB1,HSPA6,KCNA1,MAML1,NRG1,PLK4,POT1,RGS16,SH3BP5,SMPD2,SOX9,SPAG1,TEX30,TFCP2,TOP2A,TRAPPC10,VENTX,VPS41,ZBTB24
AHCYL1,ANKRD6,ARL3,BHLHE40,CASK,COLEC10,CSF2,EDIL3,GCHFR,GOSR1,GSTM3,HCRTR2,HPCAL1,MAT1A,MSI1,PHACTR4,PMM2,PRB4,PRSS53,PTPRD,RAP1A,SCN9A,SEP15,UCP3,YWHAB
ARID4A,CCL25,CEL,CELA2B,DIMT1,DPT,FCHSD2,FH,HIST1H2AB,HIST1H2AE,HMBS,KAT2B,KLK3,KLRB1,LRP8,LYZL6,MAST1,MERTK,MLF1,MSX1,MYOZ2,RAB30,RFX1,RUVBL2,TMEM47,TSPYL4,ZNF423
ACADS,COG5,CYP2A7,DEXI,DNAJC4,EGR2,EHHADH,HSPA9,ITPKC,LOC100507472,LTC4S,MAGEC1,MAN2A2,ONECUT1,PCSK6,PHKG2,PIP5K1B,PLSCR1,POLR2B,QSOX1,RIMS1,RRN3,SEC24A,SSTR4,STXBP5L,TLX2,ZC2HC1A
APC,ASCC3,DPP6,EBAG9,ECD,FSTL4,GMFG,GPR162,KAT6A,KL,LEF1,MYH9,NCAPD3,NCOA6,NID2,NPFF,NSMAF,PKP4,PPP1R12B,SEC62,SP4,SPATA2L,SPP2,TBX5,TMED2,WWP1
ACTA1,B3GNTL1,BATF,BIRC5,CERS1,ELOVL6,ENDOG,ETV1,GAGE1,GAGE13,GAGE2A,GAGE2B,GAGE2C,GAGE2D,GAGE2E,GAGE8,GDF1,GTPBP1,HMGA2,KLF10,LARP4,NOL7,NUP188,PLCL1,PLEKHM2,PRKCA,PTH1R,REG1A,STAT1,VPS13A,VPS4B,ZC3HAV1
APLP2,CRYBG3,CTH,CTRL,DHODH,FAIM3,FAS,FASTK,FETUB,GCFC2,HPS1,IFNA2,IPO13,KIAA0895,LMF2,MTG1,NTRK2,PRB1,PSME3,RPS5,SHMT1,SLK,SRSF11,TNNT1,VAMP3
ABCC1,ACACB,ARFGEF2,CD101,CENPC1,CES2,CTNNA1,FAM75A1,FAM75A2,FAM75A3,FAM75A4,FAM75A5,FAM75A6,FAM75A7,FAM75C1,FAM75C2,FCN2,GNA13,HEBP2,HHLA1,IAPP,LCK,PCYT1B,PIGQ,PPP1R2,RASGRP3,RTN2,SEMG2,TMEM59,TPH1,TRPC4AP,VAMP3,WWP1
ABHD5,BRD4,CAMK2A,CAMK4,CD3G,COL18A1,CTNNA1,DIRAS3,DPY19L4,EFR3B,GRIA2,KCNS1,KIAA0319,KRT35,LINC00599,LOC100287705,LOC1720,MIR124-1,NFIA,PPP3CA,PTN,RGS10,RND2,RPS27,SKP1,STAR,VAV2,ZC3H3
BBC3,CDH16,CHEK2,CNP,EXT1,F2RL3,FGFR1,GABRA5,GAGE3,GSS,HNRNPD,IRAK3,ITGA6,LOC100132832,MAPK9,PLEKHB2,PMS2L2,PMS2P5,POP5,PTGFR,S100A5,SDF2,ZBTB25,ZNF217,ZNF510,ZZZ3
ADA,ALAD,AP3S2,ARTN,BRD3,C15orf38-AP3S2,CDH19,CST1,CST2,CST4,DCTN2,DRP2,HCCS,IGF1R,ILF3,ITGB7,KLHL35,LGALS2,LMO1,LY6G6C,MARK3,MTMR9,N4BP2L2,NFIB,PTPLB,RPGRIP1L,STC2
APOM,BAHD1,BRD4,CDC14A,CYP4F2,CYP4F3,EZH2,GRIK5,HERC4,HLA-DRB6,MTOR,MTSS1,MYO16,NUP98,PEX7,PIK3C2A,PRPF4B,PTPRCAP,PTTG1,RLN1,RPA2,RPS4X,TAF4B,TFEB,TNFRSF4,WASF3,ZBTB6
AEBP1,ANKLE2,BTN3A1,CADPS,CREB3L1,FBXL4,FTH1,FUT2,GBA,GBAP1,HLA-G,IK,LILRB2,LOC100510710,LRIG2,MDM4,MIA3,MLLT4,MTMR2,NOP14,OR2F1,OR2F2,PPIG,RANBP1,RRP15,SLC8A2,SORT1,SUPT6H,TAF10,XRCC4
ATP8A2,CD36,CD40LG,CDKN3,DCC,DRD5,EIF2AK1,ELF5,FAM91A2,GRK4,IDH3A,LTB4R,MCM4,NFAT5,OR2H1,P2RX3,PMS1,PRKCH,RCE1,RNU86,RPL3,SCAI,SLC31A2,SNORD83B,ZIC2,ZNF200
ATP10A,ATRN,CAV3,CLTA,COQ2,EMX1,GLRX3,HCN2,HDAC6,IQSEC1,KDM4C,LAGE3,LARGE,LOC100509323,MAGEB4,MMP24,MPDU1,NAIP,OGFR,PARG,PAX3,RNASEH2B,RPS6,TSHB,UBE2I,UHRF2,ZNF101
C1QL1,CA5B,CACNA1H,COL16A1,DDX51,DTNB,FZD6,GGA2,GOT2,HEXB,HPD,IGFBP7,IL1B,KCNQ2,KIFC1,MAP3K8,MMP16,RABGGTB,SEMA3A,SEMA3D,SLC6A3,SNORD45A,SNORD45B,SNORD45C,SPN,SPP1,TNP1,TYMS
ARPC4,ATP11B,ATP1A3,CHRM3,DBH,FZD9,HSD17B10,IL1RN,ITGAD,JTB,KIR2DL1,KIR2DL2,KIR2DL3,KIR2DL4,KIR2DL5A,KIR2DL5B,KIR2DS5,KIR3DL1,KIR3DL2,KIR3DL3,KIR3DS1,KLK3,LOC100287534,LOC100653050,LOC727787,MITF,MOK,NAT9,NCAPD2,PGA3,PGA4,PGA5,PSG11,RELB,RPS19,SI,SIX6,TCEB2,TRA2A
AAK1,ABCA6,ALKBH1,ARHGAP35,AURKA,AXL,DHRS1,DUSP9,ELOVL6,EPOR,ERAL1,IGF2,ILVBL,LCMT2,LRRC8B,MT1G,NF1,PTGER1,RASSF2,SLC37A4,ST8SIA1,TAT,TOP3B,TRIM33,TUBB3,ZBTB16
ADAM2,ARHGAP4,ATP4B,CDK19,COX6A2,DLAT,EPHA7,ETV3,FECH,HBS1L,IGHD,IGHG1,IGHM,ITGAE,KCNJ6,KLHL25,LRCH4,MDM1,NCKIPSD,PANX1,RBP4,RIPK1,SAP25,SLC4A3,SMAD5,TPR,TRAF3IP3,TULP1,USP11,VHL
ASIP,CCNG2,DES,EDC4,EXOSC10,FAM175B,GPR18,HSD11B1,HSPA6,INHA,KRT34,LIG1,LOC100653049,MIR5096,MRE11A,NKTR,PHF21A,PRODH,RBL2,RBM12,SCGN,SPINK2,SSBP1,SUPT5H,TRIM29,UNC93A
ANGEL2,AQP5,BRAP,CDC5L,EEF1E1,EML1,GPR161,KRT4,NRG2,P2RY11,PAK1,PIGK,PPAN-P2RY11,PRRC1,SEC14L2,SLCO1A2,SNRPE,TMSB10,TPO,TRAP1,TREX1,TRIM22,ZMYND10,ZNF177,ZNF211,ZNF559-ZNF177
AQR,ARPC1A,C19orf26,CDK18,DICER1,EIF4EBP2,ERCC2,FAM216A,GTPBP10,HOXD3,KDM2A,KIF2C,LOC100289561,LUZP2,NCKAP1,OSGEP,PCBP3,PIAS2,PPM1F,PRPF18,RPS6KB1,SF3B3,SIRPB1,SLC36A1,VPS13A
ACHE,ACTA2,ADK,BLCAP,BRCA1,CD300A,HBE1,HLA-DPB1,HLA-F,HSD17B4,ITGAV,KCNS1,MRPL19,MXI1,MYH6,MYO1D,OCA2,PAK2,PIGO,PPM1H,SGSM2,TNPO1,TTF2,ZNF207
AP4E1,ARMCX4,C1orf123,C6orf130,CDC16,CHM,CSTF3,EPB42,EPYC,ESR2,GAS2L1,IL13,KAT5,KCNIP4,LINC00588,LOC100287387,MAP2K1,RAE1,RASA3,RFC5,SERINC5,SLCO2A1,TGFB3,UGT2B7,YIF1A,ZNF135,ZNF154
AKAP3,AKIRIN2-AS1,BICD1,CHD1,DHX9,FASTKD2,GABRP,GNRH2,GRIA1,ITGA9,KCNJ5,KIAA1045,KRT9,LOC284244,MTERFD2,OTUD4,RAB5A,RPL21,RPL21P28,RPL24,RXRB,SERPINA6,SNORA27,SNORD102,SRI,STAC,TIAL1,ZC3H13
AAK1,CAV2,CCR8,CD1C,CR1,ELK4,FAM110B,GOLGA2,HIPK3,HOXD10,IL23A,IRF2,ITCH,KDM5D,KLC1,LANCL1,NR1H4,PSMD8,QPRT,RIN2,SLC25A11,SRSF10,THRA,TRBV19
ABCB11,ABCB7,ACOT8,ACVR2A,ADAM21,ATP5J2,CCHCR1,CD34,EDNRB,GRIP1,HBBP1,HNRNPH2,NTRK3,ORAI2,RB1,RFPL1,RFPL2,RFPL3,RGS11,RPL36A-HNRNPH2,SALL2,SP140,TOPORS,UBR2,ZIC2
61E3.4,ARL2-SNX15,ATXN2L,CRABP1,CREM,CRHR1,CUL3,CYC1,CYP26A1,FXN,HEATR8,LOC100132247,LOC100652992,LOC613037,LOC728888,MAGI1,MCF2L2,NOS3,NPIPL3,PCBP2,RGS10,RIT2,RPL18,SFXN3,SNX15,TET3,TIMP2,WNT7A,YLPM1,ZNF688
ADAMDEC1,AOAH,C9orf91,CBLB,COMP,DLEC1,DNM1L,DSG1,DZIP3,EIF3H,FAP,GRIN2C,IFNG,INPP5D,KIAA0226,KLF1,MAP2K5,PDGFA,PRKD2,REG3A,TLL1,ZSCAN12
ABCB6,ACAA1,BARX2,CHP1,HTR2C,ID1,IFT88,KCNJ10,LRRC37A,LRRC37A2,LRRC37A3,LRRC37A4P,LRRC48,MAGEB1,METTL7A,NPY1R,OPRM1,PDHA2,PICALM,PIGH,PIP5K1C,PRSS12,RAPGEF4,RBBP6,SLC9A3
ADAM11,AHCY,ANPEP,BMP7,CCHCR1,COPS7A,CPN2,CTNNA1,DTNA,FSCN2,HCRT,HIBCH,HIST1H2BC,HIST1H2BE,HIST1H2BF,HIST1H2BG,HIST1H2BI,KIAA0087,LOC100506060,LOC100506830,NME1,OSM,RIN1,RNASEH1,SLC15A1,SMG1,TANK,TBP,TSC1,TYMP,YTHDC1
AQP7,AQP7P1,ARHGEF7,ATRX,AUH,BEX4,CA7,CALCOCO1,EIF2S1,FLT1,GPLD1,HOXB13,LOC100509620,MALT1,MAP2K1,MYBL1,NR2C2,PITX1,PSEN1,SPAG8,SPG7,SS18,SSX2,TLX2,ZNF609
ACVRL1,AKAP8L,AZIN1,BMPR2,C6orf10,CBX6,CD151,EIF5AL1,FGF12,GNG11,HLA-J,LOC100505729,MCF2,OPCML,PSMB4,PZP,RBM14,REN,RPLP2,SNORA52,TAF1A,VPS8,VRK1,XPO6
ABCA1,APBA1,CFLAR,COL4A4,COPS6,CUL2,DPYSL4,DTYMK,HIST1H2AM,HPX,HSPB3,LOC100506732,LOC100507387,LTA,MAU2,PANK3,PIAS1,PMS1,PTGES3,PWP1,S100A12,SLC38A3,TIMM17B
ACOX3,ATG9A,C1QBP,COL7A1,DCTN6,EMX1,HIPK3,HIST1H2BJ,HP,IK,KCNJ4,KRT33A,MAPK12,MORC2,N4BP2L1,PDK4,POLR2H,RAB4A,RPS21,SLC35B1,SLC7A2,SPHAR,TM9SF1,TUBB4A,ZC3H4,ZNF157
ACSL3,ATAD2B,ATRX,BAX,BTD,C11orf80,CCNA2,CHRNB3,FAM53B,ITGB8,LIMS1,LOC647859,MARK2,OCLN,PCMTD2,PFDN4,RHD,SERPINB9,SLC13A3,SLC6A7,TRIL,USP10,USP4,ZNF318
CA3,CAP1,CDH17,CELA3A,CELA3B,CLUL1,CPE,DHRS7,FANCC,KIF17,LINC00342,MAGI1,OAS1,PRM2,PSMG1,RTCA,SEPT6,SLC16A5,SNRPA,SOX5,SUCLA2,TGFB3,ZNF76
ABL1,AKT2,CDK17,ETV2,FER,FGF13,GALNT2,GDI1,HIST1H3A,HIST1H3B,HIST1H3C,HIST1H3D,HIST1H3E,HIST1H3F,HIST1H3G,HIST1H3H,HIST1H3I,HIST1H3J,LSM14A,LST1,MAP3K10,NPY5R,PAGE4,PNLIPRP2,RFK,RFNG,SLAMF1,SLC10A2,TGDS,TTN,VPS13A,WDR73,ZNF202,ZNF280B
ABCE1,ADRA2C,AMELY,AQP6,BCL11A,CA5B,CBS,CCNG1,COX5A,DAZ1,DAZ2,DAZ3,DAZ4,DGUOK,GAL3ST1,HRSP12,HSPBP1,KLRC4,KLRC4-KLRK1,KLRK1,NOS2,NSFL1C,PDE1C,PPP2CB,RHAG,SGCB,SSBP2,TMF1,TOP2B
ADORA1,CNOT8,CRH,DNAJB12,ELAC2,GLRA3,HR,IL16,IRF5,KDM4B,MAPT,MMRN1,NRG1,NUPR1,POLD4,PRPH2,PSKH1,PSME1,PTPN3,RAP1GDS1,RDX,RIOK3,SPRY1,TUSC3,UTP20,WDR46
ANAPC10,ARNT,BTG3,CDC14BL,CLPX,EIF4A1,FOXO3,GABRD,HGFAC,HSD17B8,IFT140,KAT8,MYL5,SENP3-EIF4A1,SLC10A3,SLC35A2,STARD13,TAF13,TLR3,TMPO,TULP3,XPNPEP2,ZNF516,ZNF821
AKAP10,BBS9,BFSP2,CBL,DACH1,DDX51,DOLPP1,FAM134B,GALR3,GNMT,HDAC2,HPRT1,IFNA10,ITGA9,KLHL18,MAP2,MXRA7,R3HDM2,RPS16,SEZ6L,TCEB1,TRIM21,TULP3
ACVRL1,BSN,C18orf1,DNAJC2,FKBP6,GBP2,GCAT,KDM3B,MRPS11,MTCP1,MTCP1NB,MYCN,PCDH7,PEX3,PLAA,PRRC2B,SERPINI2,SLBP,SLC12A4,ST13,STON1,TGM3,TNR,TRAF3IP3,UQCRH,UQCRHL
AMPD1,ARL1,CDC42,CXorf40A,CXorf40B,FAM168A,FIP1L1,HIPK1,INE2,JHDM1D,LMNB1,LOC100653171,LOC727983,LOC92249,MAP2K2,NRG2,PDGFRA,POM121L10P,POM121L1P,POM121L4P,POM121L8P,POM121L9P,PRKCA,RBBP5,RBM4B,STK38L,STX16,TCOF1,TRIOBP,USP19,ZG16
ACAT2,ACTL8,ANKRD12,C2CD3,EP400,FN1,FXYD3,IRF9,LINC00302,MTMR1,NCF4,NUCB1,PDE12,PDGFRA,PIAS2,PLA2G4C,PRKACG,TFF3,THBS1,TJP1,TSHR,UBE2L3,UBE2V2
ANKRD7,CCKBR,CFHR4,CIZ1,EPM2A,EXOC6B,FBLN1,FN1,GALR2,GNAO1,GRIK1,HADH,HIST1H4A,HIST1H4B,HIST1H4C,HIST1H4D,HIST1H4E,HIST1H4F,HIST1H4H,HIST1H4I,HIST1H4J,HIST1H4K,HIST1H4L,HIST2H4A,HIST2H4B,HIST4H4,LIF,MRPL28,MUC8,NAGPA,PF4,PLD1,PTGIR,RB1,SNRPD1,ZNRD1-AS1
APRT,AURKA,BRPF1,CABP1,CCNT1,EFNB2,EN2,EVI5,FGL2,HSD17B1,IGFBP1,L3MBTL1,MKRN3,MTCP1NB,NCBP2,NUP133,PMPCB,POLE,SASH1,TMED10,TNIK,ZC3H14
ACTA1,ATP2B4,C2orf18,CCNA2,CDR1,CENPA,EFR3B,EPB41,ERC2,ERCC2,FAM48A,HSF2,ID1,MCM5,MSMO1,NEFM,OPRK1,OSBPL3,PAF1,PIK3C2G,POLR2A,PRPS1,PVRL1,SKP2
AP1G1,ASCL2,AURKAPS1,CYC1,DENND4A,DHX15,KIF3B,LOC100287223,MAGEB3,MIR1257,MSMO1,NAT2,OPCML,PDE5A,POU6F1,PTPN2,PTPRJ,RAB3GAP2,RFC4,RGS6,SHOX2,SLC18A3,SLC33A1,TAF4,TCHH,TUT1,ZRSR2
AKT2,CNOT2,CYP3A7,CYP3A7-CYP3AP1,FARSA,GPR37L1,HDDC2,ITGB1,LEPROTL1,MAGEB2,MID1,MTTP,NASP,NAT6,NFYC,OVOL1,PAK7,POLR2L,PTGDS,TACR1,TBX6,TGFB1,UCHL3
APOOL,ASB4,BUB1,C16orf7,CD68,EPHA5,GRAP,KIAA0564,MTM1,NCOA1,NSL1,PVALB,RAB36,RAD51C,SERPINA4,SERPIND1,SHMT1,TNNI2,TUB,UBE4B,UGP2,WASL,YWHAZ
ADAM23,AJAP1,ARID1A,ASB4,BGLAP,C1orf21,CLIC1,CTDNEP1,DTNA,DTX4,FLT3LG,IL10RA,INPP4A,KIR3DL1,KIR3DL2,LOC391322,LOC727787,MARCH2,MUC7,PART1,PMF1-BGLAP,RUNX1T1,SSRP1,TIMM8A
ARSB,ATRN,C6orf108,CDH8,COPB1,CPOX,CS,CSRP2,DZIP1,ECRP,EIF3A,KHDRBS3,KLRC3,NRP2,PARVB,RCAN2,RPL23AP53,SAG,SETD1A,STX8,TRIM31,YLPM1
ACO1,CASP7,CDK17,CLTCL1,CYP19A1,DENND3,GP1BA,MAP1LC3B,MAPK14,MLANA,MOB1A,NEURL,NRP1,PDIA6,PDK2,POU6F2,TCL1B,TCP10,THOC5,TSC22D4,TSNAX,ZMYND11
ARHGAP19,AURKC,AVP,C10orf12,CHRNA2,FANCL,FGFR2,GRAMD1B,GTF2E2,HBG1,HBG2,HIST1H2BL,ITGB3BP,LOC100653006,LOC100653319,MRPL33,MTMR7,MYB,NRG1,OSMR,PHACTR2,PRKAG1,PTPRC,RNMT,TSFM,VHL
ATF2,BACH1,CCR5,CUBN,DNM3,GRIA3,GRIK1-AS2,GTF2I,GTF2IP1,HARS,ICT1,LDOC1,LOC100093631,MLL2,MYCBP2,NUP88,PLAT,STX5,SYN2,TBC1D22A,TNFRSF25,TPGS2,USP6,ZNF337
ACAA2,ADAM12,ADD2,ATR,DDT,DDTL,ERCC8,FAM214B,FSHB,ITGB3,MASP2,NEBL,NOC2L,NR1D1,PRG2,PRKAR1A,RPL5,SELP,SMAD5,SNORD21,STAU1,TADA2A,THOP1,THRA,VNN2
BAK1,CCL11,CD5L,DGKA,DNAJC25,DNAJC25-GNG10,ERVW-1,FCGR2A,FCGR2C,FKBP1A,GNG10,GUCY2D,GZMM,HES2,HIC1,IL12RB2,KHDRBS2,KHK,KIF20B,LRRC37A3,MYRIP,SLC6A7,TAF11,TM9SF4,WEE1,ZNF230
ALOX5,ARL4C,ATF7,BTAF1,CDC25A,CRX,GYPA,IGHV5-78,KDELR1,LSM12,MTNR1B,PCYT1A,RER1,SCAP,SNRPF,SRPK2,TLE4,TRMU,USP46,VOPP1
ARHGAP26,ARHGAP5,B3GNT1,BBS9,BMP5,CD22,CLMN,CTNNA2,DCTN3,ERCC1,ESR1,FDXR,FUBP1,GLS2,GMFB,GNS,KRT6A,LYZL6,NOS2,PDGFA,SLC25A4,THOC1,TTPA,TUBA3C,TUBA3D,TUBA3E,WDR82
BMP5,CCBL2,GAPDHS,GLRB,HIST1H2AH,INSM1,ITPK1,PAK3,PCDH7,PDE6H,PIAS4,PKNOX1,PPBPP2,PPFIA1,PPP2R2B,RASSF8,SHBG,SLC34A1,SNAP23,SUSD5,TMOD1,TRAIP,TSTD2,XYLT1
ABCC4,BDKRB1,CBLN1,CLCN7,CNP,CRADD,DAP3,DMPK,ERP44,GPX7,GRK6,GUSBP11,HBBP1,PLCB4,SALL1,SNCA,SPICE1,TMEM187,ZFP36L2,ZNF623,ZNF652
BRAP,CEP152,CNTN1,COL4A3,COL9A3,FAM65B,IPO8,LOC100507605,MIR943,PAPPA2,PKI55,PLCG1,PLEC,RAB2A,RIF1,RNF13,SSR2,TSPY1,TSPY10,TSPY2,TSPY3,TSPY4,TSPY8,UGCG,WHSC2,ZKSCAN1
C17orf108,CFHR2,DDX46,FAM161A,FXN,GGT5,IFNA2,IRS2,LIPE,MPP6,NEUROD1,PCDH9,PFKFB3,POU4F1,R3HCC1L,RAPGEF1,SERPINB6,SMCHD1,SSX2,SSX2B,SSX3,TRIP13,TRPM1,YIPF6
AHCYL1,AMPD2,BET1,BTN1A1,CD53,CERS6,CSHL1,FCER1A,HIST1H2BN,IL24,JAKMIP1,LHFPL2,LOC157562,MAK16,PMS2,PMS2CL,POSTN,RAB28,SLC26A4,TBX19,TDG,ZBTB1
AKAP8,CCIN,DOCK3,DPEP1,FANCA,FLOT1,FMO4,HTR2B,LIPC,MUC3A,NCAM1,NTNG1,ORC1,PDE9A,PLEKHB1,POU2F2,PRKAR1A,RAB27A,RAD17,RFX2,SST,TPP2
APEX1,BBIP1,CHRNA4,DSC3,FLNA,IL2,KCND2,MAN1A2,MGMT,MIR4680,MYF6,NKTR,OLFM1,PCBP1,PDCD4,PER1,PTGDS,RAP2A,RGS12,SIGLEC7,STXBP3,TAF1,VASP,WDR37,WHAMMP2,WHAMMP3
ABCC6,B3GNT3,BCL2,CAPN9,CCDC85B,CETN3,COX6C,EXOG,GCKR,GDF10,IL7,KLHDC10,MBNL2,MKI67,MSH4,PDCD10,PLXNA3,SEMA3F,SKI,SUPT3H,UPK1A
ATG4B,CCDC88C,CHURC1-FNTB,CTF1,CYP21A1P,CYP21A2,DDX39A,DHFR,DLK1,FAM131A,FNTB,IBSP,KALRN,NRL,ORC3,PDE6A,PLIN3,PTPN11,RPS21,UFL1,ZDHHC17
ADRM1,CACTIN,CCP110,COL16A1,EIF1AX,ERF,FAF2,FEM1B,HOXC6,IQCE,MLANA,NEK9,NPRL2,PIK3R4,PRKD3,SFPQ,TMED5,XRCC2,YTHDC1,ZNF267
ANGPTL7,ASPHD1,ATP5G2,CBFB,CMA1,DKFZP564C196,GAD2,GATA2,GRIP2,GRM5,HIST1H2BN,HMOX1,MEP1A,MYL6B,NFIL3,PCNXL2,PRKRIR,SERPINB8,SLC22A6,SYT11,THPO
B9D1,BCAP29,BID,CAMSAP1,CASP2,CLN5,EPHA5,IRGC,JAG1,MCL1,MSLN,NPRL2,PIK3CD,PRKAR2B,PTGDS,SNHG3,SNORA73A,STIP1,ZNHIT1
CACNA2D1,CALM1,CALM2,CALM3,CHKA,COL2A1,CTSL1,IL17A,KNG1,MYOM2,PAX2,PF4V1,PNLIPRP1,PPFIBP2,PSME2,SAFB,SIKE1,SMC5,TFDP1,THRB,TRIAP1
AP1S1,ATP1B2,EEF1E1,EXOSC2,FAH,FN1,FPGT,IFNA8,IL12A,IPO9,IRS1,MTF2,N4BP2L2,NCDN,PHKB,RDH16,RHOG,SLC35D1,TGOLN2,TLL2
ABHD3,ALG3,AP4M1,APC,CACNA1C,CDH13,CLCN5,DRD4,ERCC4,KCNC4,KLK13,MYO7A,PGAM2,SART3,TNP2,TOX4,ZBTB11
AP3M2,C12orf29,CD22,CFTR,CXorf40A,CXorf40B,ELF2,FOXN2,GLP1R,IMPG1,KRT86,LOC100509764,PARP2,PCNA,RFPL1-AS1,SBNO2,SCGB1D2,SLC6A9,SRSF8,TCP11L1,UCP3,WIPF1,XCL1,XCL2
ABAT,ATP8B3,CCNE2,CEBPB,CHST3,CTSW,DNAJC3,F2R,F5,GADD45B,HTR2C,MANF,MLLT1,MPHOSPH8,MTMR9,NGF,PSMA7,RREB1,SNORA29,SYT5,TCP1
CEP112,DLG2,FSHR,GPR35,IL16,KIAA0586,LINC00563,LOC100132832,LOC100506603,LOC441259,LUC7L3,MFN1,OMD,PMS2,PMS2P1,PMS2P5,RUSC2,S100B,SMAD6,SULT4A1,TIE1,TUBB2B,TUBGCP2
CELF3,EIF4EBP1,EML2,FAM161A,GABARAP,HR44,HSPH1,IL2RA,KIF25-AS1,MMP15,PRKDC,PTEN,SDHD,SFPQ,SPRYD7,UPF3A,ZNF197
ANAPC15,ARL3,BAI3,CDK8,DUSP8,ERBB3,IL1A,KCNV2,KIAA1109,KIN,LONRF1,MAN1A2,NFAT5,OCEL1,OR2J2,PTBP3,TRIM24,UBOX5,VENTXP7,ZBTB17
APCS,AR,ATXN3,CASP10,CD84,CNTF,CXorf27,DNAJB12,IL2,KCNJ12,KCNJ18,KCNK3,LOC100653095,LOC728802,MAX,NDST1,NKX2-2,PDE4DIP,RAF1,RNASEH2B,SYCP2
ANK2,ARSE,CHD5,COPG2IT1,ERV9-1,GDF10,HSPA2,IDE,IFI6,KIF17,MDM2,NRCAM,PARD6A,PLAGL1,SNRPA1,SOX3,THUMPD1,ZNF24
ATXN3,BTG1,C16orf88,CYP11B2,DKC1,DNAJB12,FBP2,HDAC3,HLA-DOA,NRTN,PAN2,PCK1,SEMA3F,SFSWAP,SNORA56,STAMBP,TOP3B,TP73-AS1,ZW10
BAI3,CRYBA1,DYNLT3,EXOSC8,EXT1,FLNB,GAPVD1,HIST1H4A,HIST1H4B,HIST1H4C,HIST1H4D,HIST1H4E,HIST1H4F,HIST1H4H,HIST1H4I,HIST1H4J,HIST1H4K,HIST1H4L,HIST2H4A,HIST2H4B,HIST4H4,METTL18,NOP14,NR2C1,P2RY2,PPM1A,PTPRA,SMOX,SNX4,VNN1,ZNF266
ABCF3,ATP5G3,ATP6AP2,BMX,CDKN2B,CELA2A,CELA2B,FAM65B,LOC100653164,MTCP1,MTCP1NB,RAB30,RNF5,SLC30A4,SMARCA1,ST18,TERF1,TSN,UNC5C,WDR61
ADAM20,C14orf79,FARP2,HMG20B,IVD,KCNJ9,KLKB1,MTX2,MXRA8,MYB,OSBP,OSBPL1A,PWP2,RXRG,RYR2,SCCPDH,USP20,VDAC1,ZNF391
C2orf55,C6orf123,CAD,CDKN1C,DLG1,DNAJC4,MLL2,PGAP2,PHIP,RFC5,SEC16A,SH3BGR,SPTA1,STK35,TCF25,TXN2,UBL4A,ZNF101
ADRA1A,C5orf30,CST5,DICER1,DPM1,DSP,FOXG1,GC,GUCY1A2,GYS2,KCNJ1,KLRD1,NCOR2,PLEKHG3,POFUT1,PVR,RARB,SOCS3,TTR,VAMP2
CUBN,DHX9,EPM2AIP1,FBL,GLI2,GPSM2,IRS2,LOC100507317,LYPD1,MBL2,MIOS,MLLT10,NF1,OTUB1,PPP4R1,SMOX,SPRY2,UBE2E3
CTBP1,CTSB,DNASE2,GLP1R,GNG7,GPR125,IRF2,ITGA6,LIN37,LIPF,LRRTM2,MRAS,MYT1,NDUFB8,PDE6A,SCAMP3,SLC26A2,TTTY2,TTTY2B
CEP350,CHERP,DRD3,DTNA,FRZB,HIST1H1B,MAP2K5,MPRIP,OAT,PDHX,SERPINB2,SLC18A1,SLC25A12,SOGA1,TDGF1,TIA1,ZNF250,ZNF35
ALX1,CACNA1C,CARD10,CDY1,CDY1B,CDY2A,CDY2B,DCX,HECW1,IDUA,KMO,LEPR,NDST2,RAB4A,RLBP1,SLC17A4,SPHAR,SSTR3,TBL2,TMEM246,TOR1AIP1,VAMP5
ACVR1,ARFGEF1,ATP6V1H,CDH6,CDR2L,CEACAM3,CYP11B1,CYP11B2,DLX4,DUSP3,EXT2,GNAL,NXPH2,PFKFB2,PI4K2A,QDPR,RALGDS,STX12,UCKL1
ANG,APOC3,ATP6V1C1,DCLK1,EIF1AX,GAS2,GNAS,LRRC48,NFKB2,PCNA,PKP1,PRKCA,S100A4,ST8SIA5,TJP2,ZNF197,ZNF84
ABCC9,B4GALT5,CFD,EIF2B2,FAS,FYN,GNAI3,GRP,GTF2E1,GUCY1B3,KIF23,KRT83,LOC100506060,LOC100506830,MSX2P1,NUDC,PMPCA,SMG1,YWHAE
ADRB1,ADRBK2,ARVCF,CDK5R2,DBT,ENO1,FOLH1,FOLH1B,ICA1,IL12B,KCNJ13,KIAA0430,KRT6A,MLN,MSR1,PAR5,PSTPIP1,SLC30A3,ZNF292
ADCY1,C18orf1,DDX6,FCER2,FEZ2,MYO7A,PBX2,PDCD2,PHB2,POMC,RAB1A,RAP1GAP,SPP1,TNFRSF25,TSC22D2,UBE2B,WARS
CDH12,CRY2,CTNNA1,ERLIN1,GRIP1,HMGCS2,IL17RA,KCTD20,KDM6B,NEK4,PFKFB2,RABGGTA,SCD,SF3B1,SLC6A2,TUSC3
ABCB9,ADIPOR2,C1orf151-NBL1,CDO1,CUL4A,EDEM1,EMC1,MAGED2,NBL1,OR2F2,PMCH,PRPS1L1,PTGER3,SKI,SNAP91,SRSF5,TCF15
ARID4B,C21orf2,CASP2,CGB,CGB1,CGB2,CGB5,CGB7,CGB8,CNGA1,FLT3LG,GNA12,GTSE1,IFRD1,NR6A1,PTOV1,RAB21,RBM34,S100A1,SOGA2,TBC1D12,TFPI2
ABHD14A-ACY1,ACY1,ARHGAP33,GDPD5,LOC100652805,LOC100653302,NEBL,PDZRN3,PGK1,PNISR,POM121L2,POU3F1,RPA1,SAP18,SMCP,SRPK2,TRPC6,TSFM,VAPB
C2orf72,CACNB4,COX20,CREG1,DNASE1L1,FAM182B,HAPLN1,HNF1B,NFKB1,NUP160,PCK1,PRPF6,RABGAP1L,SEC62,SPAG11A,SPAG11B,WAPAL
BCKDHB,CALM1,CALM2,CALM3,HNRNPH3,HOXA9,IRS4,KCNQ3,MCL1,MEF2C,MPI,PAQR3,PAX2,PMP22,RP2,SPAG6,TFAM,UBN1,ZNF365
APLP1,CCZ1,CCZ1B,HLA-DRB1,HLA-DRB3,HLA-DRB5,LOC100507709,LOC100507714,MSX1,MYD88,MYOC,OGG1,PEX12,PIM1,PPP1R3C,RGS4,SLC25A4,TGFBR2,ZFR
ATP2B2,BRD8,CCDC144A,CLOCK,DEFA1,DEFA1B,DEFA3,DIMT1,FAM8A1,IPW,KIR2DL2,KIR2DL4,KIR2DL5A,KIR2DL5B,KIR3DL3,KIR3DS1,LOC100287534,LOC100506948,LOC145678,MAP3K1,NEU3,PKIA,SAP30,SIPA1,SNORD107,SNORD115-13,SNORD115-26,SNORD115-7,SNORD116-28,SNRPN,SPEF1,TNKS,USP32,USP32P1,USP32P2,USP6,ZNF137P
ACACB,B4GALT1,CCR3,CD300C,CSNK1A1,DST,FABP7,KNG1,LOC100652766,MPP1,N4BP3,NFATC2IP,OPRL1,PCDHA13,PTPRZ1,SREK1IP1,TOR1AIP1,ZNF330
ATRNL1,BET1,CA4,CACYBP,CNTN2,EIF1AX,EN2,HIST1H1D,IL6ST,LAMP1,MAP3K4,MPPED2,MT4,PIGF,SEPHS1,SLC22A2,UQCRFS1
DCTN1,DDT,DNAJC8,ELAVL3,GOLGA1,GPM6A,GRM7,IPO7,LRRC23,MAGI2,MED12,MGAT2,NF1,OSTF1,PPBP,RASGRP2,UBN1,ZNF536
ABCA2,ATP6V0E1,FBXO21,FCER1G,GBA,GBAP1,HNRNPU,HS6ST1,IRAK1,LOC100510710,POLR3C,PPEF2,PRKCSH,SKIL,SPOP,TGFB1,TYR,YIPF4,ZNF212
ABCA5,ADORA2A,ATP6V1F,CETN1,CYP2C9,FAM168B,HMGN1,LILRB4,LYL1,NDP,OLFM4,PAK4,POU1F1,TMEM5,VAMP4,ZNF141
ACADL,CDC14B,CDX1,CHUK,CNIH3,DCAF8,DDX3X,FOXC2,KIAA0664,LOC100506354,LTBP2,MCM9,PLA2G5,PRB1,RGP1,ST7,ST7-OT3,ZNF132,ZNF274
CKMT1A,CKMT1B,FAM172A,FGF4,GH1,GUCA1A,HIRA,HIST1H2AD,HIST1H3A,HIST1H3B,HIST1H3C,HIST1H3D,HIST1H3E,HIST1H3F,HIST1H3G,HIST1H3H,HIST1H3I,HIST1H3J,HTR4,LOC100509646,MAPK8,PAWR,PCCA,PRY,PRY2,SYPL1,TOM1L2,TRPM2
BNIP1,CLCN1,DAZAP2,DIMT1,ERN1,EVI2A,FABP1,GRN,GTF2H2,HMHB1,IL2RB,LOC100132832,MAGI1,NOVA1,PA2G4,PMS2L2,PMS2P1,PMS2P5,PPY,RASAL2,RPS7,SNAPC4
AP3B1,APOM,BFSP2,C20orf111,CCL5,DARS,HOXA11,LUZP1,POLR2I,PTPRT,RNF139,SEMG1,SLC25A40,TNPO2,VAV1,VCAN
AAK1,AK1,ATP8A2,CDX2,CYP3A5,DYRK1A,GABRR2,GIMAP1-GIMAP5,GIMAP5,HIST1H2BC,HIST1H2BE,HIST1H2BF,HIST1H2BG,HIST1H2BI,KPNA1,KRT85,NR2E3,NUDT4,NUDT4P1,POLD1,PTPN7,R3HCC1,TYMS
ABI1,AMH,CAMLG,CDH22,CEP104,GNA11,GNRH1,GRIK3,IFNA4,KDM3A,KIF3A,LOC647979,MAGOH,NKX2-2,RRH,TOE1,YY1,ZNF41
C8A,CALCOCO2,ESR1,ESR2,GAB1,JAK3,KDM4C,KIAA1107,MATR3,MR1,NFATC1,NKX3-1,SERPINA5,SNHG4,ST3GAL1
ARID5A,CAPN7,CHRND,FUT7,HIST1H1E,HSP90B1,HSPE1,MIR3652,PADI2,PDE3B,PIK3CB,PTGER3,RAC3,RAG2,RALGAPB,ZNF259,ZNF259P1
ADAM22,CDK13,CLASP2,CPSF6,DMWD,DPF2,GSTM3,ITIH4,KRIT1,LPAR4,MRE11A,PCDHGB7,TSHR,VAT1,ZNF643
B3GALT2,CA6,CACNA1C,ERCC6,ITGB1BP1,KIAA0947,LCT,LEPR,RAB6A,RAP1GDS1,RBBP7,RBMS3,SETDB1,SPC25,SPRED2,TNFRSF10D,ZC3H15
AHCYL1,AIM2,C2CD2L,CCNF,CYP2D6,GPC5,HMGN4,HOXB3,INPP5A,NARS,PHTF1,PLEKHB1,PPIE,RGS3,RRN3,RRN3P1,RRN3P2,SLC25A46,TOM1L1
BEST1,CDK13,CUX2,DAD1,EFHA1,ELP4,HCK,KLK2,MAST2,MTHFR,RASGRP2,RBM15B,TAF5,TPM2
ADCY9,ALB,BIRC3,DLX2,GATM,GHRHR,HIPK2,HIST1H2BC,HIST1H2BE,HIST1H2BF,HIST1H2BG,HIST1H2BI,IFNB1,MAPK10,MGAT4C,PPP2R1A,RAB3GAP1,RBPMS,RUNX2,SKAP1
ACAN,ATP2B2,BRCA2,C22orf31,CHRNA5,CITED1,CKAP5,CXCL6,EPB41,ERF,GRK5,HOXA10,LOC100505828,MGST3,PDK2,RAD50,ZNF124
ARHGAP11A,ARL4A,ART1,CPA2,CXCR2,EIF1B,FRYL,HRK,MSH2,NUDT13,OR7E24,RAB1A,RAB33A,RAP2A,TRAC,USP24
AP3D1,APITD1,APITD1-CORT,ATP6V0E1,CORT,DNAJB4,HDAC9,IKZF1,JAK1,KCNMA1,LGALS9,NTF3,PEX2,SAG,SLC26A3,SV2B,TM9SF2,YME1L1
ABCC9,ALK,ARHGEF6,CGREF1,ENOX2,F7,GRAP2,KCNK3,KIF2A,KLK7,KRTAP5-9,NDUFS6,NTRK2,PRR4,PSMD8,RAB40A,RAB40AL,RAB40B,SSR1
ADAM22,ATXN1,CACNA1G,CRYBB1,CYP27B1,CYP2A6,EIF3B,FSTL1,IKBKAP,LARS2,LRRC6,MOCS3,PAX8,SNW1,STRN,TARP,TCEB3,TRGC2
ABI2,ALAS2,ATP8A1,CAST,CDIPT,CYP1A2,EDN3,EPB49,ETS1,FCGR3B,FTL,IGHMBP2,KIAA0226,RPRD2,SLC5A3,TERF2
BMP10,CGGBP1,CNR1,CSNK2A1,CSNK2A1P,FLT3LG,GTF2F1,LPA,NFE2,PDE4DIP,POU1F1,SCN2A,SPTB,UBE2K
C11orf80,C1orf114,CCNF,CHGA,CSTA,CTSZ,HSPE1-MOB4,IL24,KCNJ3,LHCGR,MOB4,PDPN,PIGL,PTPRO,RPL39L,SLC1A2,TNNC1
ADCY2,AKT2,APOM,CDH13,CTDSPL,FOXK2,HAUS3,MAP2K5,OPRM1,OTC,RCC1,TMCC2,TSPY1,TSPY10,TSPY2,TSPY3,TSPY4,TSPY8
CIITA,FUT5,HLA-DPA1,LRPPRC,LRRN3,NCAM1,NUFIP1,POP1,PPFIBP1,PTH1R,PVALB,SEPT5-GP1BB,SERPINB10,WWP1
ATF6,CASQ2,CDKN1A,CNN1,CYP7A1,DEFA5,EMR1,FLI1,GBX1,KLRC1,KLRC2,MMP16,PGGT1B,RNASE6,TGFBRAP1,TRAC,TRAJ17,TRAV20,USH1C,XRCC3
BIVM-ERCC5,C12orf47,C14orf132,DEFA6,EFHD1,ENC1,ERCC5,FIG4,HSD17B2,IGHG1,OR1E1,RLBP1,SRM,WDR67,ZNF44
C11orf80,CXCR2,FOXA2,GNB3,MPZ,OR2H1,P2RY10,RPS14,SAP18,SP110,TAOK2,TRA2A,VSTM4,ZNF259P1
CD74,COMP,GREM1,HCLS1,HLF,HSD17B3,INPP5E,MYB,NCAPH2,NDUFC1,TXK,ZNF638
ABCC8,BHMT,DLGAP2,FUT9,LOC100287223,MIR3661,PLXNB3,PMS2P4,PPP2CA,PPYR1,PTPRJ,RAP2A,RNF41,SAMHD1,SEMA3D,SOX21,SRPK3,TSR1
ACRV1,AP4S1,CAPRIN1,CEP68,ETFDH,GP2,IGFBP2,KLRG1,PHF14,PPEF2,RAB2A,SEC23IP,SLC9A3R2,SNX29
ACTR1A,ARC,ARFGEF2,CLCA2,CLEC3B,CPNE6,EXOSC7,GPR19,HMGCR,IGFBP5,PART1,PP14571,PTPRS,SENP6,TCL1A,TM4SF4
AK2,AKAP5,BLOC1S1,BLOC1S1-RDH5,CA1,CRISP2,CRYAA,DCT,MYL3,SIT1,SNRNP200,TRAF1,TXNDC9
AAK1,CD2BP2,DYNC2LI1,FRY,GNRHR,LOC100508689,MYB,MYO5A,ODZ4,OXT,PARP2,RBCK1,SCGB2A1,SCP2,SUGP1,XPA,ZNF674
CDC5L,GPR19,HMGN3,MBL2,MON2,PDK3,PPIL6,PRPSAP1,RAP2A,SEC14L5,TRPC3,UGT2A1,UGT2A2,WIPI1,ZNF134
ADAM3A,AKR7A2,BDKRB2,DIRAS3,GRM8,IQCK,KIF1C,LGR5,LOC100653024,LOC100653146,MITF,PHTF2,PTK2,SETD1B,VAMP1,ZBTB1
ABL1,AGFG2,BMS1,CREBZF,FBL,FETUB,ID1,LAMC2,MDN1,PDLIM3,SRSF7,TARBP2,TGFBR1,TTC39A
ATP1A2,B3GAT3,BAAT,GPR65,GUCA2A,GYPE,LOC644172,MAPK8IP1,MLH3,NCOA1,PGF,PLS3,UBQLN2,ZNF222,ZNF284
AKR1D1,ARHGEF15,ARID5B,C3orf27,CACNB1,CHD2,DUSP3,GABPB1,HLA-DPB1,HS3ST1,IGFBP2,KCNAB1,NR5A2
DCAF4,GH2,GNB3,HTR7,KIAA1462,LMO7,NENF,PARD6B,PRKCG,UBE2G1,USH2A
C5orf45,CAPN11,CD1B,KCNJ8,MVD,NUMA1,PIP,RRP8,STAT5B,TONSL,TPD52L2,TXK
CDH8,CYP2A13,CYP2A6,CYP2A7,FAM49A,GPATCH8,GPR98,HOXA10-HOXA9,HOXA9,IRF1,LOC100505933,PRKAR2A,PSMF1,SEC23B,TRIB2,UGT2B4
ACSM1,ADAM5P,CCDC144A,CRKL,DBF4,PRIM2,PRPF40A,TTF1
ARID4A,BMP1,CASP5,CREM,FGFR4,LY6G6D,PNMT,PVALB,XKRY,XKRY2
AURKB,HOXD9,PAX1,RAB11FIP2,RAF1,RPS6KB2,SLC38A10,TFEC
FAM189A1,IDS,KCNC4,KCNV1,NPY2R,XCL2
ACTL6B,BUB3,GGH,MALT1,MED12,SLC25A42,ZER1
FAM205B,MAPK12,PLA2R1,PPP2R1B,RER1,SAP30,SLC13A2,TCF20
ING3,JAK3,NME6,PRMT2,SYT2,TNC,TOMM70A
CDC34,CRHBP,EXTL1,GABRA2,PKM2,PMS2P1,UBXN2B,UTRN
FGF5,GABRG2,HIST1H4A,HIST1H4B,HIST1H4C,HIST1H4D,HIST1H4E,HIST1H4F,HIST1H4H,HIST1H4I,HIST1H4J,HIST1H4K,HIST1H4L,HIST2H4A,HIST2H4B,HIST4H4,MAP1A,MLLT4,MSX2,NTRK2,PHTF2
ACAN,CRIP2,DLST,LSM7,MFSD5,RBBP6,RFC2
APBB3,CCR2,CHRNA1,LINC00597,MYCN,SLC36A1,SV2C
ARFGEF2,FUT3,FUT5,FUT6,IGLV6-57,MYB,NRF1,SRRT,TBC1D5,TNK2
APOBEC3G,ART3,CASP3,CCKBR,FOXE1,OCRL,RANGAP1,RFX4,RPS6KA4,SEC24D
EP400,GRM1,NDUFB6,NFKB2,TBPL1,TPPP,USP6,ZNF268
BCL2L11,GGCX,HSPA4,NEUROD2,NPY6R,SEMA7A,TCF15,TOB2
CYHR1,DUSP7,F12,MNX1,PARP2,TAF1B,TCF4
PTCH1,PUF60,RECQL4,SERBP1,TERF1,TMPO,XYLB
CCR1,GNL1,NAALAD2,PRH1,PRRC1,RXRG,SS18,ST7,ST7-OT3,VEGFB,ZNF862
ARHGAP6,C1orf61,CAMK4,CRMP1,GRIP2,GRM1,KCTD20,LCN1,NUBP1,SCAMP5,TDRD7
CD163,CD28,CELSR2,EGR3,LSM4,MIR1204,MPL
CPQ,FLT3,POLR2D,SEC31B,SLC22A4
CRYAA,CYP11A1,HTR1E,PPM1E
CCR6,GLRA2,KATNA1,PLCH2,REPS1,ZBTB33
DIP2C,ELK4,FCAR,GABRA6
CAMSAP1,HCG4,OBSL1,WNT4
ARFGAP3,GABRG3,GJB1,SF1
GCNT2,HLA-DQB1,IGHV5-78
FOSL1,PLXND1,RAD9A
CATR1,PDCL,TRPV6
HSF4,LILRA1
SERBP1
CSF1,DOCK10,OMG
SIM1
C22orf24,HS6ST1,PITX3
KCNA4,NSL1
CYP19A1
PAH
ATXN7L3B,DHX57,FAM189B,FAM21A,FAM21B,FAM21C,GATA2,GNAS,GPR183,HBD,IRF4,NID1,PHTF2,PRTN3,TNFRSF8,TRAT1
DGKZ,MFNG
TRIB2
